ship_name,ETA prévu,Distance / Temps,Direction / Vitesse,Tirant d'eau actuelle,État de la navigation,Position reçue,IMO / MMSI,indicatif d'appel,Type de AIS,Drapeau AIS,Longueur / Largeur,IMO,Nom du navire,Type de navire,Pavillon,Année de construction,Longueur totale (m),Longueur BP (m),Largeur (m),Tirant d'eau (m),Profondeur (m),GT,Tonnage net,Poids mort (t),TEU,Huile brute (bbl),Gaz (m3),Grain (m3),Balles (m3),Eau de ballast (m3),Eau douce (m3),Constructeur de navire,Lieu où construit,Coque,Matériel,Constructeur du moteur,Type de moteur,Puissance du moteur (kW),Type de carburant,Vitesse de service (kn),Hélice,Propriétaire enregistré,Adresse,Site web,Email,Gestionnaire de navire,Responsable ISM,Club P&I,Société de classif.,Last Survey,Next Survey,timestamp,latitude,longitude,speed,course
FRYDERYK CHOPIN,-,-,,4.0 m,At anchor,3 min ago,9030747 / 261000290,SPS2298,Sailing vessel,Poland,44 / 8 m,9030747,FRYDERYK CHOPIN,Yacht,Unknown,1992,44.00,,8.00,,-,306,-,-,-,-,-,-,-,-,-,,,,,-,,,-,,,-,-,-,-,-,-,-,-,-,-,2026-03-06 20:17:20.878645,,,,
FRYDERYK CHOPIN,-,-,,4.0 m,At anchor,1 min ago,9030747 / 261000290,SPS2298,Sailing vessel,Poland,44 / 8 m,9030747,FRYDERYK CHOPIN,Yacht,Unknown,1992,44.00,,8.00,,-,306,-,-,-,-,-,-,-,-,-,,,,,-,,,-,,,-,-,-,-,-,-,-,-,-,-,2026-03-06 20:18:57.816727,,,,
FRYDERYK CHOPIN,-,-,,4.0 m,At anchor,1 min ago,9030747 / 261000290,SPS2298,Sailing vessel,Poland,44 / 8 m,9030747,FRYDERYK CHOPIN,Yacht,Unknown,1992,44.00,,8.00,,-,306,-,-,-,-,-,-,-,-,-,,,,,-,,,-,,,-,-,-,-,-,-,-,-,-,-,2026-03-06 20:33:54.655018,,,,
FRYDERYK CHOPIN,-,-,,4.0 m,At anchor,1 min ago,9030747 / 261000290,SPS2298,Sailing vessel,Poland,44 / 8 m,9030747,FRYDERYK CHOPIN,Yacht,Unknown,1992,44.00,,8.00,,-,306,-,-,-,-,-,-,-,-,-,,,,,-,,,-,,,-,-,-,-,-,-,-,-,-,-,2026-03-06 20:45:46.540654,,,,
FRYDERYK CHOPIN,-,-,,4.0 m,At anchor,1 min ago,9030747 / 261000290,SPS2298,Sailing vessel,Poland,44 / 8 m,9030747,FRYDERYK CHOPIN,Yacht,Unknown,1992,44.00,,8.00,,-,306,-,-,-,-,-,-,-,-,-,,,,,-,,,-,,,-,-,-,-,-,-,-,-,-,-,2026-03-06 20:48:52.538201,16,-61,0.2,87.4
FRYDERYK CHOPIN,-,-,,4.0 m,At anchor,1 min ago,9030747 / 261000290,SPS2298,Sailing vessel,Poland,44 / 8 m,9030747,FRYDERYK CHOPIN,Yacht,Unknown,1992,44.00,,8.00,,-,306,-,-,-,-,-,-,-,-,-,,,,,-,,,-,,,-,-,-,-,-,-,-,-,-,-,2026-03-06 20:51:17.042844,16,-61,0.2,276.0
FRYDERYK CHOPIN,-,-,,4.0 m,At anchor,1 min ago,9030747 / 261000290,SPS2298,Sailing vessel,Poland,44 / 8 m,9030747,FRYDERYK CHOPIN,Yacht,Unknown,1992,44.00,,8.00,,-,306,-,-,-,-,-,-,-,-,-,,,,,-,,,-,,,-,-,-,-,-,-,-,-,-,-,2026-03-06 21:18:27.639665,16,-61,0.1,33.0
FRYDERYK CHOPIN,-,-,,4.0 m,At anchor,0 min ago,9030747 / 261000290,SPS2298,Sailing vessel,Poland,44 / 8 m,9030747,FRYDERYK CHOPIN,Yacht,Unknown,1992,44.00,,8.00,,-,306,-,-,-,-,-,-,-,-,-,,,,,-,,,-,,,-,-,-,-,-,-,-,-,-,-,2026-03-06 21:48:06.015594,16,-61,0.2,256.5
FRYDERYK CHOPIN,-,-,,4.0 m,At anchor,3 min ago,9030747 / 261000290,SPS2298,Sailing vessel,Poland,44 / 8 m,9030747,FRYDERYK CHOPIN,Yacht,Unknown,1992,44.00,,8.00,,-,306,-,-,-,-,-,-,-,-,-,,,,,-,,,-,,,-,-,-,-,-,-,-,-,-,-,2026-03-06 22:02:51.816343,16,-61,0.3,28.7
FRYDERYK CHOPIN,-,-,,4.0 m,At anchor,2 min ago,9030747 / 261000290,SPS2298,Sailing vessel,Poland,44 / 8 m,9030747,FRYDERYK CHOPIN,Yacht,Unknown,1992,44.00,,8.00,,-,306,-,-,-,-,-,-,-,-,-,,,,,-,,,-,,,-,-,-,-,-,-,-,-,-,-,2026-03-06 22:43:31.347522,16,-61,0.1,46.2
FRYDERYK CHOPIN,-,-,,4.0 m,At anchor,1 min ago,9030747 / 261000290,SPS2298,Sailing vessel,Poland,44 / 8 m,9030747,FRYDERYK CHOPIN,Yacht,Unknown,1992,44.00,,8.00,,-,306,-,-,-,-,-,-,-,-,-,,,,,-,,,-,,,-,-,-,-,-,-,-,-,-,-,2026-03-06 23:03:28.508739,16,-61,0.0,121.3
FRYDERYK CHOPIN,-,-,,4.0 m,At anchor,3 min ago,9030747 / 261000290,SPS2298,Sailing vessel,Poland,44 / 8 m,9030747,FRYDERYK CHOPIN,Yacht,Unknown,1992,44.00,,8.00,,-,306,-,-,-,-,-,-,-,-,-,,,,,-,,,-,,,-,-,-,-,-,-,-,-,-,-,2026-03-06 23:38:25.480885,16,-61,0.1,142.0
FRYDERYK CHOPIN,-,-,,4.0 m,At anchor,1 min ago,9030747 / 261000290,SPS2298,Sailing vessel,Poland,44 / 8 m,9030747,FRYDERYK CHOPIN,Yacht,Unknown,1992,44.00,,8.00,,-,306,-,-,-,-,-,-,-,-,-,,,,,-,,,-,,,-,-,-,-,-,-,-,-,-,-,2026-03-06 23:57:32.956639,16,-61,0.1,197.3
FRYDERYK CHOPIN,-,-,,4.0 m,At anchor,3 min ago,9030747 / 261000290,SPS2298,Sailing vessel,Poland,44 / 8 m,9030747,FRYDERYK CHOPIN,Yacht,Unknown,1992,44.00,,8.00,,-,306,-,-,-,-,-,-,-,-,-,,,,,-,,,-,,,-,-,-,-,-,-,-,-,-,-,2026-03-07 02:23:46.095791,16,-61,0.0,168.0
FRYDERYK CHOPIN,-,-,,4.0 m,At anchor,3 min ago,9030747 / 261000290,SPS2298,Sailing vessel,Poland,44 / 8 m,9030747,FRYDERYK CHOPIN,Yacht,Unknown,1992,44.00,,8.00,,-,306,-,-,-,-,-,-,-,-,-,,,,,-,,,-,,,-,-,-,-,-,-,-,-,-,-,2026-03-07 04:11:49.883040,16,-61,0.1,9.1
FRYDERYK CHOPIN,-,-,,4.0 m,At anchor,2 min ago,9030747 / 261000290,SPS2298,Sailing vessel,Poland,44 / 8 m,9030747,FRYDERYK CHOPIN,Yacht,Unknown,1992,44.00,,8.00,,-,306,-,-,-,-,-,-,-,-,-,,,,,-,,,-,,,-,-,-,-,-,-,-,-,-,-,2026-03-07 05:09:18.552941,16,-61,0.0,171.8
FRYDERYK CHOPIN,-,-,,4.0 m,At anchor,2 min ago,9030747 / 261000290,SPS2298,Sailing vessel,Poland,44 / 8 m,9030747,FRYDERYK CHOPIN,Yacht,Unknown,1992,44.00,,8.00,,-,306,-,-,-,-,-,-,-,-,-,,,,,-,,,-,,,-,-,-,-,-,-,-,-,-,-,2026-03-07 05:52:11.453094,16,-61,0.5,9.3
FRYDERYK CHOPIN,-,-,,4.0 m,At anchor,3 min ago,9030747 / 261000290,SPS2298,Sailing vessel,Poland,44 / 8 m,9030747,FRYDERYK CHOPIN,Yacht,Unknown,1992,44.00,,8.00,,-,306,-,-,-,-,-,-,-,-,-,,,,,-,,,-,,,-,-,-,-,-,-,-,-,-,-,2026-03-07 06:26:49.756260,16,-61,0.3,338.4
FRYDERYK CHOPIN,-,-,,4.0 m,At anchor,2 min ago,9030747 / 261000290,SPS2298,Sailing vessel,Poland,44 / 8 m,9030747,FRYDERYK CHOPIN,Yacht,Unknown,1992,44.00,,8.00,,-,306,-,-,-,-,-,-,-,-,-,,,,,-,,,-,,,-,-,-,-,-,-,-,-,-,-,2026-03-07 07:05:29.175678,16,-61,0.1,346.2
FRYDERYK CHOPIN,-,-,,4.0 m,At anchor,4 min ago,9030747 / 261000290,SPS2298,Sailing vessel,Poland,44 / 8 m,9030747,FRYDERYK CHOPIN,Yacht,Unknown,1992,44.00,,8.00,,-,306,-,-,-,-,-,-,-,-,-,,,,,-,,,-,,,-,-,-,-,-,-,-,-,-,-,2026-03-07 07:40:08.825160,16,-61,0.1,3.0
FRYDERYK CHOPIN,-,-,,4.0 m,At anchor,0 min ago,9030747 / 261000290,SPS2298,Sailing vessel,Poland,44 / 8 m,9030747,FRYDERYK CHOPIN,Yacht,Unknown,1992,44.00,,8.00,,-,306,-,-,-,-,-,-,-,-,-,,,,,-,,,-,,,-,-,-,-,-,-,-,-,-,-,2026-03-07 07:57:11.379672,16,-61,0.0,291.6
FRYDERYK CHOPIN,-,-,,4.0 m,At anchor,1 min ago,9030747 / 261000290,SPS2298,Sailing vessel,Poland,44 / 8 m,9030747,FRYDERYK CHOPIN,Yacht,Unknown,1992,44.00,,8.00,,-,306,-,-,-,-,-,-,-,-,-,,,,,-,,,-,,,-,-,-,-,-,-,-,-,-,-,2026-03-07 08:36:51.930443,16,-61,0.1,106.5
FRYDERYK CHOPIN,-,-,,4.0 m,At anchor,1 min ago,9030747 / 261000290,SPS2298,Sailing vessel,Poland,44 / 8 m,9030747,FRYDERYK CHOPIN,Yacht,Unknown,1992,44.00,,8.00,,-,306,-,-,-,-,-,-,-,-,-,,,,,-,,,-,,,-,-,-,-,-,-,-,-,-,-,2026-03-07 09:00:38.476476,16,-61,0.2,180.8
FRYDERYK CHOPIN,-,-,,4.0 m,At anchor,3 min ago,9030747 / 261000290,SPS2298,Sailing vessel,Poland,44 / 8 m,9030747,FRYDERYK CHOPIN,Yacht,Unknown,1992,44.00,,8.00,,-,306,-,-,-,-,-,-,-,-,-,,,,,-,,,-,,,-,-,-,-,-,-,-,-,-,-,2026-03-07 09:39:11.188607,16,-61,0.1,138.1
FRYDERYK CHOPIN,-,-,,4.0 m,At anchor,3 min ago,9030747 / 261000290,SPS2298,Sailing vessel,Poland,44 / 8 m,9030747,FRYDERYK CHOPIN,Yacht,Unknown,1992,44.00,,8.00,,-,306,-,-,-,-,-,-,-,-,-,,,,,-,,,-,,,-,-,-,-,-,-,-,-,-,-,2026-03-07 09:56:49.729279,16,-61,0.2,4.7
FRYDERYK CHOPIN,-,-,,4.0 m,At anchor,1 min ago,9030747 / 261000290,SPS2298,Sailing vessel,Poland,44 / 8 m,9030747,FRYDERYK CHOPIN,Yacht,Unknown,1992,44.00,,8.00,,-,306,-,-,-,-,-,-,-,-,-,,,,,-,,,-,,,-,-,-,-,-,-,-,-,-,-,2026-03-07 10:27:49.576921,16,-61,0.0,206.7
FRYDERYK CHOPIN,-,-,,4.0 m,At anchor,3 min ago,9030747 / 261000290,SPS2298,Sailing vessel,Poland,44 / 8 m,9030747,FRYDERYK CHOPIN,Yacht,Unknown,1992,44.00,,8.00,,-,306,-,-,-,-,-,-,-,-,-,,,,,-,,,-,,,-,-,-,-,-,-,-,-,-,-,2026-03-07 10:50:46.333298,16,-61,0.1,131.9
FRYDERYK CHOPIN,-,-,,4.0 m,At anchor,1 min ago,9030747 / 261000290,SPS2298,Sailing vessel,Poland,44 / 8 m,9030747,FRYDERYK CHOPIN,Yacht,Unknown,1992,44.00,,8.00,,-,306,-,-,-,-,-,-,-,-,-,,,,,-,,,-,,,-,-,-,-,-,-,-,-,-,-,2026-03-07 11:01:41.945487,16,-61,0.0,50.6
FRYDERYK CHOPIN,-,-,,4.0 m,At anchor,1 min ago,9030747 / 261000290,SPS2298,Sailing vessel,Poland,44 / 8 m,9030747,FRYDERYK CHOPIN,Yacht,Unknown,1992,44.00,,8.00,,-,306,-,-,-,-,-,-,-,-,-,,,,,-,,,-,,,-,-,-,-,-,-,-,-,-,-,2026-03-07 11:31:09.467248,16,-61,0.1,239.9
FRYDERYK CHOPIN,-,-,,4.0 m,At anchor,0 min ago,9030747 / 261000290,SPS2298,Sailing vessel,Poland,44 / 8 m,9030747,FRYDERYK CHOPIN,Yacht,Unknown,1992,44.00,,8.00,,-,306,-,-,-,-,-,-,-,-,-,,,,,-,,,-,,,-,-,-,-,-,-,-,-,-,-,2026-03-07 11:48:01.807132,16,-61,0.1,175.5
FRYDERYK CHOPIN,-,-,,4.0 m,At anchor,2 min ago,9030747 / 261000290,SPS2298,Sailing vessel,Poland,44 / 8 m,9030747,FRYDERYK CHOPIN,Yacht,Unknown,1992,44.00,,8.00,,-,306,-,-,-,-,-,-,-,-,-,,,,,-,,,-,,,-,-,-,-,-,-,-,-,-,-,2026-03-07 11:58:43.994166,16,-61,0.1,70.0
FRYDERYK CHOPIN,-,-,,4.0 m,At anchor,4 min ago,9030747 / 261000290,SPS2298,Sailing vessel,Poland,44 / 8 m,9030747,FRYDERYK CHOPIN,Yacht,Unknown,1992,44.00,,8.00,,-,306,-,-,-,-,-,-,-,-,-,,,,,-,,,-,,,-,-,-,-,-,-,-,-,-,-,2026-03-07 13:04:00.864898,16,-61,0.3,331.9
FRYDERYK CHOPIN,-,-,,4.0 m,At anchor,3 min ago,9030747 / 261000290,SPS2298,Sailing vessel,Poland,44 / 8 m,9030747,FRYDERYK CHOPIN,Yacht,Unknown,1992,44.00,,8.00,,-,306,-,-,-,-,-,-,-,-,-,,,,,-,,,-,,,-,-,-,-,-,-,-,-,-,-,2026-03-07 13:47:41.935422,16,-61,0.1,93.9
FRYDERYK CHOPIN,-,-,,4.0 m,At anchor,3 min ago,9030747 / 261000290,SPS2298,Sailing vessel,Poland,44 / 8 m,9030747,FRYDERYK CHOPIN,Yacht,Unknown,1992,44.00,,8.00,,-,306,-,-,-,-,-,-,-,-,-,,,,,-,,,-,,,-,-,-,-,-,-,-,-,-,-,2026-03-07 14:02:38.190906,16,-61,0.5,106.6
FRYDERYK CHOPIN,-,-,,4.0 m,At anchor,0 min ago,9030747 / 261000290,SPS2298,Sailing vessel,Poland,44 / 8 m,9030747,FRYDERYK CHOPIN,Yacht,Unknown,1992,44.00,,8.00,,-,306,-,-,-,-,-,-,-,-,-,,,,,-,,,-,,,-,-,-,-,-,-,-,-,-,-,2026-03-07 14:36:27.736353,16,-61,0.2,304.5
FRYDERYK CHOPIN,-,-,,4.0 m,At anchor,2 min ago,9030747 / 261000290,SPS2298,Sailing vessel,Poland,44 / 8 m,9030747,FRYDERYK CHOPIN,Yacht,Unknown,1992,44.00,,8.00,,-,306,-,-,-,-,-,-,-,-,-,,,,,-,,,-,,,-,-,-,-,-,-,-,-,-,-,2026-03-07 14:55:47.013967,16,-61,0.3,209.6
FRYDERYK CHOPIN,-,-,,4.0 m,At anchor,3 min ago,9030747 / 261000290,SPS2298,Sailing vessel,Poland,44 / 8 m,9030747,FRYDERYK CHOPIN,Yacht,Unknown,1992,44.00,,8.00,,-,306,-,-,-,-,-,-,-,-,-,,,,,-,,,-,,,-,-,-,-,-,-,-,-,-,-,2026-03-07 15:23:31.341129,16,-61,0.5,49.3
FRYDERYK CHOPIN,-,-,,4.0 m,At anchor,2 min ago,9030747 / 261000290,SPS2298,Sailing vessel,Poland,44 / 8 m,9030747,FRYDERYK CHOPIN,Yacht,Unknown,1992,44.00,,8.00,,-,306,-,-,-,-,-,-,-,-,-,,,,,-,,,-,,,-,-,-,-,-,-,-,-,-,-,2026-03-07 15:44:28.627081,16,-61,0.1,71.6
FRYDERYK CHOPIN,-,-,,4.0 m,At anchor,3 min ago,9030747 / 261000290,SPS2298,Sailing vessel,Poland,44 / 8 m,9030747,FRYDERYK CHOPIN,Yacht,Unknown,1992,44.00,,8.00,,-,306,-,-,-,-,-,-,-,-,-,,,,,-,,,-,,,-,-,-,-,-,-,-,-,-,-,2026-03-07 15:59:21.495316,16,-61,0.3,233.8
FRYDERYK CHOPIN,-,-,,4.0 m,At anchor,0 min ago,9030747 / 261000290,SPS2298,Sailing vessel,Poland,44 / 8 m,9030747,FRYDERYK CHOPIN,Yacht,Unknown,1992,44.00,,8.00,,-,306,-,-,-,-,-,-,-,-,-,,,,,-,,,-,,,-,-,-,-,-,-,-,-,-,-,2026-03-07 16:39:16.076363,16,-61,0.1,82.1
FRYDERYK CHOPIN,-,-,,4.0 m,At anchor,1 min ago,9030747 / 261000290,SPS2298,Sailing vessel,Poland,44 / 8 m,9030747,FRYDERYK CHOPIN,Yacht,Unknown,1992,44.00,,8.00,,-,306,-,-,-,-,-,-,-,-,-,,,,,-,,,-,,,-,-,-,-,-,-,-,-,-,-,2026-03-07 16:57:58.338765,16,-61,0.3,311.1
FRYDERYK CHOPIN,-,-,,4.0 m,At anchor,1 min ago,9030747 / 261000290,SPS2298,Sailing vessel,Poland,44 / 8 m,9030747,FRYDERYK CHOPIN,Yacht,Unknown,1992,44.00,,8.00,,-,306,-,-,-,-,-,-,-,-,-,,,,,-,,,-,,,-,-,-,-,-,-,-,-,-,-,2026-03-07 17:27:50.434250,16,-61,0.3,277.3
FRYDERYK CHOPIN,-,-,,4.0 m,At anchor,1 min ago,9030747 / 261000290,SPS2298,Sailing vessel,Poland,44 / 8 m,9030747,FRYDERYK CHOPIN,Yacht,Unknown,1992,44.00,,8.00,,-,306,-,-,-,-,-,-,-,-,-,,,,,-,,,-,,,-,-,-,-,-,-,-,-,-,-,2026-03-07 17:48:32.303567,16,-61,0.3,123.3
FRYDERYK CHOPIN,-,-,,4.0 m,At anchor,3 min ago,9030747 / 261000290,SPS2298,Sailing vessel,Poland,44 / 8 m,9030747,FRYDERYK CHOPIN,Yacht,Unknown,1992,44.00,,8.00,,-,306,-,-,-,-,-,-,-,-,-,,,,,-,,,-,,,-,-,-,-,-,-,-,-,-,-,2026-03-07 17:59:57.066345,16,-61,0.1,158.2
FRYDERYK CHOPIN,-,-,,4.0 m,At anchor,1 min ago,9030747 / 261000290,SPS2298,Sailing vessel,Poland,44 / 8 m,9030747,FRYDERYK CHOPIN,Yacht,Unknown,1992,44.00,,8.00,,-,306,-,-,-,-,-,-,-,-,-,,,,,-,,,-,,,-,-,-,-,-,-,-,-,-,-,2026-03-07 18:48:19.267251,16,-61,0.3,157.4
FRYDERYK CHOPIN,-,-,,4.0 m,At anchor,3 min ago,9030747 / 261000290,SPS2298,Sailing vessel,Poland,44 / 8 m,9030747,FRYDERYK CHOPIN,Yacht,Unknown,1992,44.00,,8.00,,-,306,-,-,-,-,-,-,-,-,-,,,,,-,,,-,,,-,-,-,-,-,-,-,-,-,-,2026-03-07 19:11:26.072332,16,-61,0.2,341.7
FRYDERYK CHOPIN,-,-,,4.0 m,At anchor,2 min ago,9030747 / 261000290,SPS2298,Sailing vessel,Poland,44 / 8 m,9030747,FRYDERYK CHOPIN,Yacht,Unknown,1992,44.00,,8.00,,-,306,-,-,-,-,-,-,-,-,-,,,,,-,,,-,,,-,-,-,-,-,-,-,-,-,-,2026-03-07 19:34:41.921881,16,-61,0.2,264.5
FRYDERYK CHOPIN,-,-,,4.0 m,At anchor,2 min ago,9030747 / 261000290,SPS2298,Sailing vessel,Poland,44 / 8 m,9030747,FRYDERYK CHOPIN,Yacht,Unknown,1992,44.00,,8.00,,-,306,-,-,-,-,-,-,-,-,-,,,,,-,,,-,,,-,-,-,-,-,-,-,-,-,-,2026-03-07 19:49:58.095612,16,-61,0.2,38.6
FRYDERYK CHOPIN,-,-,,4.0 m,At anchor,1 min ago,9030747 / 261000290,SPS2298,Sailing vessel,Poland,44 / 8 m,9030747,FRYDERYK CHOPIN,Yacht,Unknown,1992,44.00,,8.00,,-,306,-,-,-,-,-,-,-,-,-,,,,,-,,,-,,,-,-,-,-,-,-,-,-,-,-,2026-03-07 20:00:36.178171,16,-61,0.1,10.9
FRYDERYK CHOPIN,-,-,,4.0 m,At anchor,1 min ago,9030747 / 261000290,SPS2298,Sailing vessel,Poland,44 / 8 m,9030747,FRYDERYK CHOPIN,Yacht,Unknown,1992,44.00,,8.00,,-,306,-,-,-,-,-,-,-,-,-,,,,,-,,,-,,,-,-,-,-,-,-,-,-,-,-,2026-03-07 20:36:39.481294,16,-61,0.3,134.9
FRYDERYK CHOPIN,-,-,,4.0 m,At anchor,2 min ago,9030747 / 261000290,SPS2298,Sailing vessel,Poland,44 / 8 m,9030747,FRYDERYK CHOPIN,Yacht,Unknown,1992,44.00,,8.00,,-,306,-,-,-,-,-,-,-,-,-,,,,,-,,,-,,,-,-,-,-,-,-,-,-,-,-,2026-03-07 20:55:27.434436,16,-61,0.1,182.2
FRYDERYK CHOPIN,-,-,,4.0 m,At anchor,3 min ago,9030747 / 261000290,SPS2298,Sailing vessel,Poland,44 / 8 m,9030747,FRYDERYK CHOPIN,Yacht,Unknown,1992,44.00,,8.00,,-,306,-,-,-,-,-,-,-,-,-,,,,,-,,,-,,,-,-,-,-,-,-,-,-,-,-,2026-03-07 21:20:33.155237,16,-61,0.1,264.3
FRYDERYK CHOPIN,-,-,,4.0 m,At anchor,1 min ago,9030747 / 261000290,SPS2298,Sailing vessel,Poland,44 / 8 m,9030747,FRYDERYK CHOPIN,Yacht,Unknown,1992,44.00,,8.00,,-,306,-,-,-,-,-,-,-,-,-,,,,,-,,,-,,,-,-,-,-,-,-,-,-,-,-,2026-03-07 21:40:12.082656,16,-61,0.2,30.4
FRYDERYK CHOPIN,-,-,,4.0 m,At anchor,3 min ago,9030747 / 261000290,SPS2298,Sailing vessel,Poland,44 / 8 m,9030747,FRYDERYK CHOPIN,Yacht,Unknown,1992,44.00,,8.00,,-,306,-,-,-,-,-,-,-,-,-,,,,,-,,,-,,,-,-,-,-,-,-,-,-,-,-,2026-03-07 21:53:41.992262,16,-61,0.2,251.3
FRYDERYK CHOPIN,-,-,,4.0 m,At anchor,3 min ago,9030747 / 261000290,SPS2298,Sailing vessel,Poland,44 / 8 m,9030747,FRYDERYK CHOPIN,Yacht,Unknown,1992,44.00,,8.00,,-,306,-,-,-,-,-,-,-,-,-,,,,,-,,,-,,,-,-,-,-,-,-,-,-,-,-,2026-03-07 22:17:42.929286,16,-61,0.2,52.3
FRYDERYK CHOPIN,-,-,,4.0 m,At anchor,3 min ago,9030747 / 261000290,SPS2298,Sailing vessel,Poland,44 / 8 m,9030747,FRYDERYK CHOPIN,Yacht,Unknown,1992,44.00,,8.00,,-,306,-,-,-,-,-,-,-,-,-,,,,,-,,,-,,,-,-,-,-,-,-,-,-,-,-,2026-03-07 22:44:43.205085,16,-61,0.4,71.6
FRYDERYK CHOPIN,-,-,,4.0 m,At anchor,3 min ago,9030747 / 261000290,SPS2298,Sailing vessel,Poland,44 / 8 m,9030747,FRYDERYK CHOPIN,Yacht,Unknown,1992,44.00,,8.00,,-,306,-,-,-,-,-,-,-,-,-,,,,,-,,,-,,,-,-,-,-,-,-,-,-,-,-,2026-03-07 22:59:49.624349,16,-61,0.1,301.0
FRYDERYK CHOPIN,-,-,,4.0 m,At anchor,3 min ago,9030747 / 261000290,SPS2298,Sailing vessel,Poland,44 / 8 m,9030747,FRYDERYK CHOPIN,Yacht,Unknown,1992,44.00,,8.00,,-,306,-,-,-,-,-,-,-,-,-,,,,,-,,,-,,,-,-,-,-,-,-,-,-,-,-,2026-03-07 23:32:47.017923,16,-61,0.3,1.9
FRYDERYK CHOPIN,-,-,,4.0 m,At anchor,1 min ago,9030747 / 261000290,SPS2298,Sailing vessel,Poland,44 / 8 m,9030747,FRYDERYK CHOPIN,Yacht,Unknown,1992,44.00,,8.00,,-,306,-,-,-,-,-,-,-,-,-,,,,,-,,,-,,,-,-,-,-,-,-,-,-,-,-,2026-03-07 23:51:31.398796,16,-61,0.1,338.9
FRYDERYK CHOPIN,-,-,,4.0 m,At anchor,2 min ago,9030747 / 261000290,SPS2298,Sailing vessel,Poland,44 / 8 m,9030747,FRYDERYK CHOPIN,Yacht,Unknown,1992,44.00,,8.00,,-,306,-,-,-,-,-,-,-,-,-,,,,,-,,,-,,,-,-,-,-,-,-,-,-,-,-,2026-03-08 01:02:12.630874,16,-61,0.1,13.2
FRYDERYK CHOPIN,-,-,,4.0 m,At anchor,0 min ago,9030747 / 261000290,SPS2298,Sailing vessel,Poland,44 / 8 m,9030747,FRYDERYK CHOPIN,Yacht,Unknown,1992,44.00,,8.00,,-,306,-,-,-,-,-,-,-,-,-,,,,,-,,,-,,,-,-,-,-,-,-,-,-,-,-,2026-03-08 03:36:00.926766,16,-61,0.2,90.7
FRYDERYK CHOPIN,-,-,,4.0 m,At anchor,2 min ago,9030747 / 261000290,SPS2298,Sailing vessel,Poland,44 / 8 m,9030747,FRYDERYK CHOPIN,Yacht,Unknown,1992,44.00,,8.00,,-,306,-,-,-,-,-,-,-,-,-,,,,,-,,,-,,,-,-,-,-,-,-,-,-,-,-,2026-03-08 05:01:30.469003,16,-61,0.1,269.4
FRYDERYK CHOPIN,-,-,,4.0 m,At anchor,0 min ago,9030747 / 261000290,SPS2298,Sailing vessel,Poland,44 / 8 m,9030747,FRYDERYK CHOPIN,Yacht,Unknown,1992,44.00,,8.00,,-,306,-,-,-,-,-,-,-,-,-,,,,,-,,,-,,,-,-,-,-,-,-,-,-,-,-,2026-03-08 05:53:57.767800,16,-61,0.2,287.9
FRYDERYK CHOPIN,-,-,,4.0 m,At anchor,1 min ago,9030747 / 261000290,SPS2298,Sailing vessel,Poland,44 / 8 m,9030747,FRYDERYK CHOPIN,Yacht,Unknown,1992,44.00,,8.00,,-,306,-,-,-,-,-,-,-,-,-,,,,,-,,,-,,,-,-,-,-,-,-,-,-,-,-,2026-03-08 06:36:58.502097,16,-61,0.1,146.4
FRYDERYK CHOPIN,-,-,,4.0 m,At anchor,3 min ago,9030747 / 261000290,SPS2298,Sailing vessel,Poland,44 / 8 m,9030747,FRYDERYK CHOPIN,Yacht,Unknown,1992,44.00,,8.00,,-,306,-,-,-,-,-,-,-,-,-,,,,,-,,,-,,,-,-,-,-,-,-,-,-,-,-,2026-03-08 07:20:15.926731,16,-61,0.1,148.0
FRYDERYK CHOPIN,-,-,,4.0 m,At anchor,2 min ago,9030747 / 261000290,SPS2298,Sailing vessel,Poland,44 / 8 m,9030747,FRYDERYK CHOPIN,Yacht,Unknown,1992,44.00,,8.00,,-,306,-,-,-,-,-,-,-,-,-,,,,,-,,,-,,,-,-,-,-,-,-,-,-,-,-,2026-03-08 07:47:19.754439,16,-61,0.1,266.1
FRYDERYK CHOPIN,-,-,,4.0 m,At anchor,1 min ago,9030747 / 261000290,SPS2298,Sailing vessel,Poland,44 / 8 m,9030747,FRYDERYK CHOPIN,Yacht,Unknown,1992,44.00,,8.00,,-,306,-,-,-,-,-,-,-,-,-,,,,,-,,,-,,,-,-,-,-,-,-,-,-,-,-,2026-03-08 08:00:59.160394,16,-61,0.1,88.8
FRYDERYK CHOPIN,-,-,,4.0 m,At anchor,1 min ago,9030747 / 261000290,SPS2298,Sailing vessel,Poland,44 / 8 m,9030747,FRYDERYK CHOPIN,Yacht,Unknown,1992,44.00,,8.00,,-,306,-,-,-,-,-,-,-,-,-,,,,,-,,,-,,,-,-,-,-,-,-,-,-,-,-,2026-03-08 08:45:17.430301,16,-61,0.1,50.1
FRYDERYK CHOPIN,-,-,,4.0 m,At anchor,1 min ago,9030747 / 261000290,SPS2298,Sailing vessel,Poland,44 / 8 m,9030747,FRYDERYK CHOPIN,Yacht,Unknown,1992,44.00,,8.00,,-,306,-,-,-,-,-,-,-,-,-,,,,,-,,,-,,,-,-,-,-,-,-,-,-,-,-,2026-03-08 09:04:06.943412,16,-61,0.2,31.8
FRYDERYK CHOPIN,-,-,,4.0 m,At anchor,3 min ago,9030747 / 261000290,SPS2298,Sailing vessel,Poland,44 / 8 m,9030747,FRYDERYK CHOPIN,Yacht,Unknown,1992,44.00,,8.00,,-,306,-,-,-,-,-,-,-,-,-,,,,,-,,,-,,,-,-,-,-,-,-,-,-,-,-,2026-03-08 09:41:24.203662,16,-61,0.1,323.4
FRYDERYK CHOPIN,-,-,,4.0 m,At anchor,1 min ago,9030747 / 261000290,SPS2298,Sailing vessel,Poland,44 / 8 m,9030747,FRYDERYK CHOPIN,Yacht,Unknown,1992,44.00,,8.00,,-,306,-,-,-,-,-,-,-,-,-,,,,,-,,,-,,,-,-,-,-,-,-,-,-,-,-,2026-03-08 09:58:37.229625,16,-61,0.1,70.2
FRYDERYK CHOPIN,-,-,,4.0 m,At anchor,1 min ago,9030747 / 261000290,SPS2298,Sailing vessel,Poland,44 / 8 m,9030747,FRYDERYK CHOPIN,Yacht,Unknown,1992,44.00,,8.00,,-,306,-,-,-,-,-,-,-,-,-,,,,,-,,,-,,,-,-,-,-,-,-,-,-,-,-,2026-03-08 10:34:16.493289,16,-61,0.0,170.0
FRYDERYK CHOPIN,-,-,,4.0 m,At anchor,2 min ago,9030747 / 261000290,SPS2298,Sailing vessel,Poland,44 / 8 m,9030747,FRYDERYK CHOPIN,Yacht,Unknown,1992,44.00,,8.00,,-,306,-,-,-,-,-,-,-,-,-,,,,,-,,,-,,,-,-,-,-,-,-,-,-,-,-,2026-03-08 10:55:40.884471,16,-61,0.1,358.9
FRYDERYK CHOPIN,-,-,,4.0 m,At anchor,1 min ago,9030747 / 261000290,SPS2298,Sailing vessel,Poland,44 / 8 m,9030747,FRYDERYK CHOPIN,Yacht,Unknown,1992,44.00,,8.00,,-,306,-,-,-,-,-,-,-,-,-,,,,,-,,,-,,,-,-,-,-,-,-,-,-,-,-,2026-03-08 11:21:22.795648,16,-61,0.2,100.1
FRYDERYK CHOPIN,-,-,,4.0 m,At anchor,2 min ago,9030747 / 261000290,SPS2298,Sailing vessel,Poland,44 / 8 m,9030747,FRYDERYK CHOPIN,Yacht,Unknown,1992,44.00,,8.00,,-,306,-,-,-,-,-,-,-,-,-,,,,,-,,,-,,,-,-,-,-,-,-,-,-,-,-,2026-03-08 11:41:16.006523,16,-61,0.1,343.7
FRYDERYK CHOPIN,-,-,,4.0 m,At anchor,1 min ago,9030747 / 261000290,SPS2298,Sailing vessel,Poland,44 / 8 m,9030747,FRYDERYK CHOPIN,Yacht,Unknown,1992,44.00,,8.00,,-,306,-,-,-,-,-,-,-,-,-,,,,,-,,,-,,,-,-,-,-,-,-,-,-,-,-,2026-03-08 11:55:07.587224,16,-61,0.2,345.2
FRYDERYK CHOPIN,-,-,,4.0 m,At anchor,2 min ago,9030747 / 261000290,SPS2298,Sailing vessel,Poland,44 / 8 m,9030747,FRYDERYK CHOPIN,Yacht,Unknown,1992,44.00,,8.00,,-,306,-,-,-,-,-,-,-,-,-,,,,,-,,,-,,,-,-,-,-,-,-,-,-,-,-,2026-03-08 12:43:51.712144,16,-61,0.2,201.3
FRYDERYK CHOPIN,-,-,,4.0 m,At anchor,1 min ago,9030747 / 261000290,SPS2298,Sailing vessel,Poland,44 / 8 m,9030747,FRYDERYK CHOPIN,Yacht,Unknown,1992,44.00,,8.00,,-,306,-,-,-,-,-,-,-,-,-,,,,,-,,,-,,,-,-,-,-,-,-,-,-,-,-,2026-03-08 13:30:53.629309,16,-61,0.2,254.4
FRYDERYK CHOPIN,-,-,,4.0 m,At anchor,2 min ago,9030747 / 261000290,SPS2298,Sailing vessel,Poland,44 / 8 m,9030747,FRYDERYK CHOPIN,Yacht,Unknown,1992,44.00,,8.00,,-,306,-,-,-,-,-,-,-,-,-,,,,,-,,,-,,,-,-,-,-,-,-,-,-,-,-,2026-03-08 13:59:34.702159,16,-61,0.1,157.1
FRYDERYK CHOPIN,-,-,,4.0 m,At anchor,2 min ago,9030747 / 261000290,SPS2298,Sailing vessel,Poland,44 / 8 m,9030747,FRYDERYK CHOPIN,Yacht,Unknown,1992,44.00,,8.00,,-,306,-,-,-,-,-,-,-,-,-,,,,,-,,,-,,,-,-,-,-,-,-,-,-,-,-,2026-03-08 14:34:40.310943,16,-61,0.2,181.3
FRYDERYK CHOPIN,-,-,,4.0 m,At anchor,2 min ago,9030747 / 261000290,SPS2298,Sailing vessel,Poland,44 / 8 m,9030747,FRYDERYK CHOPIN,Yacht,Unknown,1992,44.00,,8.00,,-,306,-,-,-,-,-,-,-,-,-,,,,,-,,,-,,,-,-,-,-,-,-,-,-,-,-,2026-03-08 14:55:36.623481,16,-61,0.2,323.5
FRYDERYK CHOPIN,-,-,,4.0 m,At anchor,1 min ago,9030747 / 261000290,SPS2298,Sailing vessel,Poland,44 / 8 m,9030747,FRYDERYK CHOPIN,Yacht,Unknown,1992,44.00,,8.00,,-,306,-,-,-,-,-,-,-,-,-,,,,,-,,,-,,,-,-,-,-,-,-,-,-,-,-,2026-03-08 15:23:54.811913,16,-61,0.2,93.0
FRYDERYK CHOPIN,-,-,,4.0 m,At anchor,1 min ago,9030747 / 261000290,SPS2298,Sailing vessel,Poland,44 / 8 m,9030747,FRYDERYK CHOPIN,Yacht,Unknown,1992,44.00,,8.00,,-,306,-,-,-,-,-,-,-,-,-,,,,,-,,,-,,,-,-,-,-,-,-,-,-,-,-,2026-03-08 15:45:24.199759,16,-61,0.3,171.0
FRYDERYK CHOPIN,-,-,,4.0 m,At anchor,0 min ago,9030747 / 261000290,SPS2298,Sailing vessel,Poland,44 / 8 m,9030747,FRYDERYK CHOPIN,Yacht,Unknown,1992,44.00,,8.00,,-,306,-,-,-,-,-,-,-,-,-,,,,,-,,,-,,,-,-,-,-,-,-,-,-,-,-,2026-03-08 16:00:19.102367,16,-61,0.1,210.8
FRYDERYK CHOPIN,-,-,,4.0 m,At anchor,2 min ago,9030747 / 261000290,SPS2298,Sailing vessel,Poland,44 / 8 m,9030747,FRYDERYK CHOPIN,Yacht,Unknown,1992,44.00,,8.00,,-,306,-,-,-,-,-,-,-,-,-,,,,,-,,,-,,,-,-,-,-,-,-,-,-,-,-,2026-03-08 16:41:04.164568,16,-61,0.2,275.9
FRYDERYK CHOPIN,-,-,,4.0 m,At anchor,1 min ago,9030747 / 261000290,SPS2298,Sailing vessel,Poland,44 / 8 m,9030747,FRYDERYK CHOPIN,Yacht,Unknown,1992,44.00,,8.00,,-,306,-,-,-,-,-,-,-,-,-,,,,,-,,,-,,,-,-,-,-,-,-,-,-,-,-,2026-03-08 17:00:41.539930,16,-61,0.1,256.4
FRYDERYK CHOPIN,-,-,,4.0 m,At anchor,1 min ago,9030747 / 261000290,SPS2298,Sailing vessel,Poland,44 / 8 m,9030747,FRYDERYK CHOPIN,Yacht,Unknown,1992,44.00,,8.00,,-,306,-,-,-,-,-,-,-,-,-,,,,,-,,,-,,,-,-,-,-,-,-,-,-,-,-,2026-03-08 17:33:40.519174,16,-61,0.3,109.9
FRYDERYK CHOPIN,-,-,,4.0 m,At anchor,1 min ago,9030747 / 261000290,SPS2298,Sailing vessel,Poland,44 / 8 m,9030747,FRYDERYK CHOPIN,Yacht,Unknown,1992,44.00,,8.00,,-,306,-,-,-,-,-,-,-,-,-,,,,,-,,,-,,,-,-,-,-,-,-,-,-,-,-,2026-03-08 17:54:19.322179,16,-61,0.3,38.1
FRYDERYK CHOPIN,-,-,,4.0 m,At anchor,2 min ago,9030747 / 261000290,SPS2298,Sailing vessel,Poland,44 / 8 m,9030747,FRYDERYK CHOPIN,Yacht,Unknown,1992,44.00,,8.00,,-,306,-,-,-,-,-,-,-,-,-,,,,,-,,,-,,,-,-,-,-,-,-,-,-,-,-,2026-03-08 18:28:39.981014,16,-61,0.1,248.5
FRYDERYK CHOPIN,-,-,,4.0 m,At anchor,2 min ago,9030747 / 261000290,SPS2298,Sailing vessel,Poland,44 / 8 m,9030747,FRYDERYK CHOPIN,Yacht,Unknown,1992,44.00,,8.00,,-,306,-,-,-,-,-,-,-,-,-,,,,,-,,,-,,,-,-,-,-,-,-,-,-,-,-,2026-03-08 18:59:45.319770,16,-61,0.3,299.2
FRYDERYK CHOPIN,-,-,,4.0 m,At anchor,3 min ago,9030747 / 261000290,SPS2298,Sailing vessel,Poland,44 / 8 m,9030747,FRYDERYK CHOPIN,Yacht,Unknown,1992,44.00,,8.00,,-,306,-,-,-,-,-,-,-,-,-,,,,,-,,,-,,,-,-,-,-,-,-,-,-,-,-,2026-03-08 19:32:31.355407,16,-61,0.2,176.4
FRYDERYK CHOPIN,-,-,,4.0 m,At anchor,1 min ago,9030747 / 261000290,SPS2298,Sailing vessel,Poland,44 / 8 m,9030747,FRYDERYK CHOPIN,Yacht,Unknown,1992,44.00,,8.00,,-,306,-,-,-,-,-,-,-,-,-,,,,,-,,,-,,,-,-,-,-,-,-,-,-,-,-,2026-03-08 19:49:07.701166,16,-61,0.3,346.1
FRYDERYK CHOPIN,-,-,,4.0 m,At anchor,3 min ago,9030747 / 261000290,SPS2298,Sailing vessel,Poland,44 / 8 m,9030747,FRYDERYK CHOPIN,Yacht,Unknown,1992,44.00,,8.00,,-,306,-,-,-,-,-,-,-,-,-,,,,,-,,,-,,,-,-,-,-,-,-,-,-,-,-,2026-03-08 19:59:52.709047,16,-61,0.1,325.7
FRYDERYK CHOPIN,-,-,,4.0 m,At anchor,2 min ago,9030747 / 261000290,SPS2298,Sailing vessel,Poland,44 / 8 m,9030747,FRYDERYK CHOPIN,Yacht,Unknown,1992,44.00,,8.00,,-,306,-,-,-,-,-,-,-,-,-,,,,,-,,,-,,,-,-,-,-,-,-,-,-,-,-,2026-03-08 20:37:46.793110,16,-61,0.1,331.1
FRYDERYK CHOPIN,-,-,,4.0 m,At anchor,1 min ago,9030747 / 261000290,SPS2298,Sailing vessel,Poland,44 / 8 m,9030747,FRYDERYK CHOPIN,Yacht,Unknown,1992,44.00,,8.00,,-,306,-,-,-,-,-,-,-,-,-,,,,,-,,,-,,,-,-,-,-,-,-,-,-,-,-,2026-03-08 20:57:19.007228,16,-61,0.2,39.9
FRYDERYK CHOPIN,-,-,,4.0 m,At anchor,2 min ago,9030747 / 261000290,SPS2298,Sailing vessel,Poland,44 / 8 m,9030747,FRYDERYK CHOPIN,Yacht,Unknown,1992,44.00,,8.00,,-,306,-,-,-,-,-,-,-,-,-,,,,,-,,,-,,,-,-,-,-,-,-,-,-,-,-,2026-03-08 21:29:02.680979,16,-61,0.1,22.2
FRYDERYK CHOPIN,-,-,,4.0 m,At anchor,2 min ago,9030747 / 261000290,SPS2298,Sailing vessel,Poland,44 / 8 m,9030747,FRYDERYK CHOPIN,Yacht,Unknown,1992,44.00,,8.00,,-,306,-,-,-,-,-,-,-,-,-,,,,,-,,,-,,,-,-,-,-,-,-,-,-,-,-,2026-03-08 21:49:26.410163,16,-61,0.2,128.9
FRYDERYK CHOPIN,-,-,,4.0 m,At anchor,1 min ago,9030747 / 261000290,SPS2298,Sailing vessel,Poland,44 / 8 m,9030747,FRYDERYK CHOPIN,Yacht,Unknown,1992,44.00,,8.00,,-,306,-,-,-,-,-,-,-,-,-,,,,,-,,,-,,,-,-,-,-,-,-,-,-,-,-,2026-03-08 22:00:36.650953,16,-61,0.1,268.9
FRYDERYK CHOPIN,-,-,,4.0 m,At anchor,3 min ago,9030747 / 261000290,SPS2298,Sailing vessel,Poland,44 / 8 m,9030747,FRYDERYK CHOPIN,Yacht,Unknown,1992,44.00,,8.00,,-,306,-,-,-,-,-,-,-,-,-,,,,,-,,,-,,,-,-,-,-,-,-,-,-,-,-,2026-03-08 22:35:39.441161,16,-61,0.1,14.5
FRYDERYK CHOPIN,-,-,,4.0 m,At anchor,2 min ago,9030747 / 261000290,SPS2298,Sailing vessel,Poland,44 / 8 m,9030747,FRYDERYK CHOPIN,Yacht,Unknown,1992,44.00,,8.00,,-,306,-,-,-,-,-,-,-,-,-,,,,,-,,,-,,,-,-,-,-,-,-,-,-,-,-,2026-03-08 22:55:52.279159,16,-61,0.0,118.2
FRYDERYK CHOPIN,-,-,,4.0 m,At anchor,2 min ago,9030747 / 261000290,SPS2298,Sailing vessel,Poland,44 / 8 m,9030747,FRYDERYK CHOPIN,Yacht,Unknown,1992,44.00,,8.00,,-,306,-,-,-,-,-,-,-,-,-,,,,,-,,,-,,,-,-,-,-,-,-,-,-,-,-,2026-03-08 23:25:26.544768,16,-61,0.1,27.3
FRYDERYK CHOPIN,-,-,,4.0 m,At anchor,3 min ago,9030747 / 261000290,SPS2298,Sailing vessel,Poland,44 / 8 m,9030747,FRYDERYK CHOPIN,Yacht,Unknown,1992,44.00,,8.00,,-,306,-,-,-,-,-,-,-,-,-,,,,,-,,,-,,,-,-,-,-,-,-,-,-,-,-,2026-03-08 23:47:24.688522,16,-61,0.1,335.9
FRYDERYK CHOPIN,-,-,,4.0 m,At anchor,1 min ago,9030747 / 261000290,SPS2298,Sailing vessel,Poland,44 / 8 m,9030747,FRYDERYK CHOPIN,Yacht,Unknown,1992,44.00,,8.00,,-,306,-,-,-,-,-,-,-,-,-,,,,,-,,,-,,,-,-,-,-,-,-,-,-,-,-,2026-03-09 00:00:44.405426,16,-61,0.2,95.8
FRYDERYK CHOPIN,-,-,,4.0 m,At anchor,1 min ago,9030747 / 261000290,SPS2298,Sailing vessel,Poland,44 / 8 m,9030747,FRYDERYK CHOPIN,Yacht,Unknown,1992,44.00,,8.00,,-,306,-,-,-,-,-,-,-,-,-,,,,,-,,,-,,,-,-,-,-,-,-,-,-,-,-,2026-03-09 02:54:50.414620,16,-61,0.2,357.1
FRYDERYK CHOPIN,-,-,,4.0 m,At anchor,2 min ago,9030747 / 261000290,SPS2298,Sailing vessel,Poland,44 / 8 m,9030747,FRYDERYK CHOPIN,Yacht,Unknown,1992,44.00,,8.00,,-,306,-,-,-,-,-,-,-,-,-,,,,,-,,,-,,,-,-,-,-,-,-,-,-,-,-,2026-03-09 04:49:53.074340,16,-61,0.2,108.3
FRYDERYK CHOPIN,-,-,,4.0 m,At anchor,0 min ago,9030747 / 261000290,SPS2298,Sailing vessel,Poland,44 / 8 m,9030747,FRYDERYK CHOPIN,Yacht,Unknown,1992,44.00,,8.00,,-,306,-,-,-,-,-,-,-,-,-,,,,,-,,,-,,,-,-,-,-,-,-,-,-,-,-,2026-03-09 05:47:58.816660,16,-61,0.1,74.7
FRYDERYK CHOPIN,-,-,,4.0 m,At anchor,2 min ago,9030747 / 261000290,SPS2298,Sailing vessel,Poland,44 / 8 m,9030747,FRYDERYK CHOPIN,Yacht,Unknown,1992,44.00,,8.00,,-,306,-,-,-,-,-,-,-,-,-,,,,,-,,,-,,,-,-,-,-,-,-,-,-,-,-,2026-03-09 06:44:27.271075,16,-61,0.1,323.6
FRYDERYK CHOPIN,-,-,,4.0 m,At anchor,3 min ago,9030747 / 261000290,SPS2298,Sailing vessel,Poland,44 / 8 m,9030747,FRYDERYK CHOPIN,Yacht,Unknown,1992,44.00,,8.00,,-,306,-,-,-,-,-,-,-,-,-,,,,,-,,,-,,,-,-,-,-,-,-,-,-,-,-,2026-03-09 07:41:13.337299,16,-61,0.1,72.5
FRYDERYK CHOPIN,-,-,,4.0 m,At anchor,1 min ago,9030747 / 261000290,SPS2298,Sailing vessel,Poland,44 / 8 m,9030747,FRYDERYK CHOPIN,Yacht,Unknown,1992,44.00,,8.00,,-,306,-,-,-,-,-,-,-,-,-,,,,,-,,,-,,,-,-,-,-,-,-,-,-,-,-,2026-03-09 08:27:25.281871,16,-61,0.0,91.6
FRYDERYK CHOPIN,-,-,,4.0 m,At anchor,1 min ago,9030747 / 261000290,SPS2298,Sailing vessel,Poland,44 / 8 m,9030747,FRYDERYK CHOPIN,Yacht,Unknown,1992,44.00,,8.00,,-,306,-,-,-,-,-,-,-,-,-,,,,,-,,,-,,,-,-,-,-,-,-,-,-,-,-,2026-03-09 09:09:58.332312,16,-61,0.1,29.5
FRYDERYK CHOPIN,-,-,,4.0 m,At anchor,2 min ago,9030747 / 261000290,SPS2298,Sailing vessel,Poland,44 / 8 m,9030747,FRYDERYK CHOPIN,Yacht,Unknown,1992,44.00,,8.00,,-,306,-,-,-,-,-,-,-,-,-,,,,,-,,,-,,,-,-,-,-,-,-,-,-,-,-,2026-03-09 10:07:22.744829,16,-61,0.1,5.7
FRYDERYK CHOPIN,-,-,,4.0 m,At anchor,2 min ago,9030747 / 261000290,SPS2298,Sailing vessel,Poland,44 / 8 m,9030747,FRYDERYK CHOPIN,Yacht,Unknown,1992,44.00,,8.00,,-,306,-,-,-,-,-,-,-,-,-,,,,,-,,,-,,,-,-,-,-,-,-,-,-,-,-,2026-03-09 11:02:12.395808,16,-61,0.2,26.4
FRYDERYK CHOPIN,-,-,,4.0 m,At anchor,2 min ago,9030747 / 261000290,SPS2298,Sailing vessel,Poland,44 / 8 m,9030747,FRYDERYK CHOPIN,Yacht,Unknown,1992,44.00,,8.00,,-,306,-,-,-,-,-,-,-,-,-,,,,,-,,,-,,,-,-,-,-,-,-,-,-,-,-,2026-03-09 11:43:41.578601,16,-61,0.3,60.1
FRYDERYK CHOPIN,-,-,,4.0 m,At anchor,1 min ago,9030747 / 261000290,SPS2298,Sailing vessel,Poland,44 / 8 m,9030747,FRYDERYK CHOPIN,Yacht,Unknown,1992,44.00,,8.00,,-,306,-,-,-,-,-,-,-,-,-,,,,,-,,,-,,,-,-,-,-,-,-,-,-,-,-,2026-03-09 12:03:38.031218,16,-61,0.1,42.6
FRYDERYK CHOPIN,-,-,,4.0 m,At anchor,0 min ago,9030747 / 261000290,SPS2298,Sailing vessel,Poland,44 / 8 m,9030747,FRYDERYK CHOPIN,Yacht,Unknown,1992,44.00,,8.00,,-,306,-,-,-,-,-,-,-,-,-,,,,,-,,,-,,,-,-,-,-,-,-,-,-,-,-,2026-03-09 13:38:49.921400,16,-61,0.2,291.9
FRYDERYK CHOPIN,-,-,,4.0 m,At anchor,3 min ago,9030747 / 261000290,SPS2298,Sailing vessel,Poland,44 / 8 m,9030747,FRYDERYK CHOPIN,Yacht,Unknown,1992,44.00,,8.00,,-,306,-,-,-,-,-,-,-,-,-,,,,,-,,,-,,,-,-,-,-,-,-,-,-,-,-,2026-03-09 14:35:31.475105,16,-61,0.0,263.9
FRYDERYK CHOPIN,-,-,,4.0 m,At anchor,3 min ago,9030747 / 261000290,SPS2298,Sailing vessel,Poland,44 / 8 m,9030747,FRYDERYK CHOPIN,Yacht,Unknown,1992,44.00,,8.00,,-,306,-,-,-,-,-,-,-,-,-,,,,,-,,,-,,,-,-,-,-,-,-,-,-,-,-,2026-03-09 15:38:21.701468,16,-61,0.2,339.0
FRYDERYK CHOPIN,-,-,,4.0 m,At anchor,0 min ago,9030747 / 261000290,SPS2298,Sailing vessel,Poland,44 / 8 m,9030747,FRYDERYK CHOPIN,Yacht,Unknown,1992,44.00,,8.00,,-,306,-,-,-,-,-,-,-,-,-,,,,,-,,,-,,,-,-,-,-,-,-,-,-,-,-,2026-03-09 16:39:09.465615,16,-61,0.3,13.7
FRYDERYK CHOPIN,-,-,,4.0 m,At anchor,3 min ago,9030747 / 261000290,SPS2298,Sailing vessel,Poland,44 / 8 m,9030747,FRYDERYK CHOPIN,Yacht,Unknown,1992,44.00,,8.00,,-,306,-,-,-,-,-,-,-,-,-,,,,,-,,,-,,,-,-,-,-,-,-,-,-,-,-,2026-03-09 17:32:52.881101,16,-61,0.2,40.5
FRYDERYK CHOPIN,-,-,,4.0 m,At anchor,2 min ago,9030747 / 261000290,SPS2298,Sailing vessel,Poland,44 / 8 m,9030747,FRYDERYK CHOPIN,Yacht,Unknown,1992,44.00,,8.00,,-,306,-,-,-,-,-,-,-,-,-,,,,,-,,,-,,,-,-,-,-,-,-,-,-,-,-,2026-03-09 18:10:57.948454,16,-61,0.1,111.4
FRYDERYK CHOPIN,-,-,,4.0 m,At anchor,2 min ago,9030747 / 261000290,SPS2298,Sailing vessel,Poland,44 / 8 m,9030747,FRYDERYK CHOPIN,Yacht,Unknown,1992,44.00,,8.00,,-,306,-,-,-,-,-,-,-,-,-,,,,,-,,,-,,,-,-,-,-,-,-,-,-,-,-,2026-03-09 19:11:08.388395,16,-61,0.2,105.0
FRYDERYK CHOPIN,-,-,,4.0 m,At anchor,2 min ago,9030747 / 261000290,SPS2298,Sailing vessel,Poland,44 / 8 m,9030747,FRYDERYK CHOPIN,Yacht,Unknown,1992,44.00,,8.00,,-,306,-,-,-,-,-,-,-,-,-,,,,,-,,,-,,,-,-,-,-,-,-,-,-,-,-,2026-03-09 19:52:50.456900,16,-61,0.3,242.2
FRYDERYK CHOPIN,-,-,,4.0 m,At anchor,0 min ago,9030747 / 261000290,SPS2298,Sailing vessel,Poland,44 / 8 m,9030747,FRYDERYK CHOPIN,Yacht,Unknown,1992,44.00,,8.00,,-,306,-,-,-,-,-,-,-,-,-,,,,,-,,,-,,,-,-,-,-,-,-,-,-,-,-,2026-03-09 20:24:57.940356,16,-61,0.2,239.1
FRYDERYK CHOPIN,-,-,,4.0 m,At anchor,3 min ago,9030747 / 261000290,SPS2298,Sailing vessel,Poland,44 / 8 m,9030747,FRYDERYK CHOPIN,Yacht,Unknown,1992,44.00,,8.00,,-,306,-,-,-,-,-,-,-,-,-,,,,,-,,,-,,,-,-,-,-,-,-,-,-,-,-,2026-03-09 20:59:22.948857,16,-61,0.1,160.5
FRYDERYK CHOPIN,-,-,,4.0 m,At anchor,3 min ago,9030747 / 261000290,SPS2298,Sailing vessel,Poland,44 / 8 m,9030747,FRYDERYK CHOPIN,Yacht,Unknown,1992,44.00,,8.00,,-,306,-,-,-,-,-,-,-,-,-,,,,,-,,,-,,,-,-,-,-,-,-,-,-,-,-,2026-03-09 21:41:57.531436,16,-61,0.1,337.1
FRYDERYK CHOPIN,-,-,,4.0 m,At anchor,2 min ago,9030747 / 261000290,SPS2298,Sailing vessel,Poland,44 / 8 m,9030747,FRYDERYK CHOPIN,Yacht,Unknown,1992,44.00,,8.00,,-,306,-,-,-,-,-,-,-,-,-,,,,,-,,,-,,,-,-,-,-,-,-,-,-,-,-,2026-03-09 22:01:33.018175,16,-61,0.1,207.7
FRYDERYK CHOPIN,-,-,,4.0 m,At anchor,1 min ago,9030747 / 261000290,SPS2298,Sailing vessel,Poland,44 / 8 m,9030747,FRYDERYK CHOPIN,Yacht,Unknown,1992,44.00,,8.00,,-,306,-,-,-,-,-,-,-,-,-,,,,,-,,,-,,,-,-,-,-,-,-,-,-,-,-,2026-03-09 22:41:00.334663,16,-61,0.1,54.1
FRYDERYK CHOPIN,-,-,,4.0 m,At anchor,3 min ago,9030747 / 261000290,SPS2298,Sailing vessel,Poland,44 / 8 m,9030747,FRYDERYK CHOPIN,Yacht,Unknown,1992,44.00,,8.00,,-,306,-,-,-,-,-,-,-,-,-,,,,,-,,,-,,,-,-,-,-,-,-,-,-,-,-,2026-03-09 23:02:19.832492,16,-61,0.0,66.8
FRYDERYK CHOPIN,-,-,,4.0 m,At anchor,3 min ago,9030747 / 261000290,SPS2298,Sailing vessel,Poland,44 / 8 m,9030747,FRYDERYK CHOPIN,Yacht,Unknown,1992,44.00,,8.00,,-,306,-,-,-,-,-,-,-,-,-,,,,,-,,,-,,,-,-,-,-,-,-,-,-,-,-,2026-03-09 23:38:50.239441,16,-61,0.2,81.5
FRYDERYK CHOPIN,-,-,,4.0 m,At anchor,3 min ago,9030747 / 261000290,SPS2298,Sailing vessel,Poland,44 / 8 m,9030747,FRYDERYK CHOPIN,Yacht,Unknown,1992,44.00,,8.00,,-,306,-,-,-,-,-,-,-,-,-,,,,,-,,,-,,,-,-,-,-,-,-,-,-,-,-,2026-03-09 23:56:54.808916,16,-61,0.3,70.2
FRYDERYK CHOPIN,-,-,,4.0 m,At anchor,1 min ago,9030747 / 261000290,SPS2298,Sailing vessel,Poland,44 / 8 m,9030747,FRYDERYK CHOPIN,Yacht,Unknown,1992,44.00,,8.00,,-,306,-,-,-,-,-,-,-,-,-,,,,,-,,,-,,,-,-,-,-,-,-,-,-,-,-,2026-03-10 02:13:00.742614,16,-61,0.1,208.3
FRYDERYK CHOPIN,-,-,,4.0 m,At anchor,1 min ago,9030747 / 261000290,SPS2298,Sailing vessel,Poland,44 / 8 m,9030747,FRYDERYK CHOPIN,Yacht,Unknown,1992,44.00,,8.00,,-,306,-,-,-,-,-,-,-,-,-,,,,,-,,,-,,,-,-,-,-,-,-,-,-,-,-,2026-03-10 04:19:07.561732,16,-61,0.2,95.0
FRYDERYK CHOPIN,-,-,,4.0 m,At anchor,3 min ago,9030747 / 261000290,SPS2298,Sailing vessel,Poland,44 / 8 m,9030747,FRYDERYK CHOPIN,Yacht,Unknown,1992,44.00,,8.00,,-,306,-,-,-,-,-,-,-,-,-,,,,,-,,,-,,,-,-,-,-,-,-,-,-,-,-,2026-03-10 05:29:25.769988,16,-61,0.1,73.6
FRYDERYK CHOPIN,-,-,,4.0 m,At anchor,2 min ago,9030747 / 261000290,SPS2298,Sailing vessel,Poland,44 / 8 m,9030747,FRYDERYK CHOPIN,Yacht,Unknown,1992,44.00,,8.00,,-,306,-,-,-,-,-,-,-,-,-,,,,,-,,,-,,,-,-,-,-,-,-,-,-,-,-,2026-03-10 06:07:43.651859,16,-61,0.0,123.3
FRYDERYK CHOPIN,-,-,,4.0 m,At anchor,2 min ago,9030747 / 261000290,SPS2298,Sailing vessel,Poland,44 / 8 m,9030747,FRYDERYK CHOPIN,Yacht,Unknown,1992,44.00,,8.00,,-,306,-,-,-,-,-,-,-,-,-,,,,,-,,,-,,,-,-,-,-,-,-,-,-,-,-,2026-03-10 07:07:55.933930,16,-61,0.3,49.6
FRYDERYK CHOPIN,-,-,,4.0 m,At anchor,0 min ago,9030747 / 261000290,SPS2298,Sailing vessel,Poland,44 / 8 m,9030747,FRYDERYK CHOPIN,Yacht,Unknown,1992,44.00,,8.00,,-,306,-,-,-,-,-,-,-,-,-,,,,,-,,,-,,,-,-,-,-,-,-,-,-,-,-,2026-03-10 07:54:09.552961,16,-61,0.4,98.6
FRYDERYK CHOPIN,-,-,,4.0 m,At anchor,3 min ago,9030747 / 261000290,SPS2298,Sailing vessel,Poland,44 / 8 m,9030747,FRYDERYK CHOPIN,Yacht,Unknown,1992,44.00,,8.00,,-,306,-,-,-,-,-,-,-,-,-,,,,,-,,,-,,,-,-,-,-,-,-,-,-,-,-,2026-03-10 08:35:50.976948,16,-61,0.1,191.0
FRYDERYK CHOPIN,-,-,,4.0 m,At anchor,2 min ago,9030747 / 261000290,SPS2298,Sailing vessel,Poland,44 / 8 m,9030747,FRYDERYK CHOPIN,Yacht,Unknown,1992,44.00,,8.00,,-,306,-,-,-,-,-,-,-,-,-,,,,,-,,,-,,,-,-,-,-,-,-,-,-,-,-,2026-03-10 09:26:10.469786,16,-61,0.3,80.1
FRYDERYK CHOPIN,-,-,,4.0 m,At anchor,1 min ago,9030747 / 261000290,SPS2298,Sailing vessel,Poland,44 / 8 m,9030747,FRYDERYK CHOPIN,Yacht,Unknown,1992,44.00,,8.00,,-,306,-,-,-,-,-,-,-,-,-,,,,,-,,,-,,,-,-,-,-,-,-,-,-,-,-,2026-03-10 10:07:05.618408,16,-61,0.0,166.3
FRYDERYK CHOPIN,-,-,,4.0 m,At anchor,3 min ago,9030747 / 261000290,SPS2298,Sailing vessel,Poland,44 / 8 m,9030747,FRYDERYK CHOPIN,Yacht,Unknown,1992,44.00,,8.00,,-,306,-,-,-,-,-,-,-,-,-,,,,,-,,,-,,,-,-,-,-,-,-,-,-,-,-,2026-03-10 10:59:38.511737,16,-61,0.1,287.1
FRYDERYK CHOPIN,-,-,,4.0 m,At anchor,2 min ago,9030747 / 261000290,SPS2298,Sailing vessel,Poland,44 / 8 m,9030747,FRYDERYK CHOPIN,Yacht,Unknown,1992,44.00,,8.00,,-,306,-,-,-,-,-,-,-,-,-,,,,,-,,,-,,,-,-,-,-,-,-,-,-,-,-,2026-03-10 11:40:59.770146,16,-61,0.1,97.8
FRYDERYK CHOPIN,-,-,,4.0 m,At anchor,2 min ago,9030747 / 261000290,SPS2298,Sailing vessel,Poland,44 / 8 m,9030747,FRYDERYK CHOPIN,Yacht,Unknown,1992,44.00,,8.00,,-,306,-,-,-,-,-,-,-,-,-,,,,,-,,,-,,,-,-,-,-,-,-,-,-,-,-,2026-03-10 12:02:11.327712,16,-61,0.5,334.3
FRYDERYK CHOPIN,-,-,,4.0 m,At anchor,3 min ago,9030747 / 261000290,SPS2298,Sailing vessel,Poland,44 / 8 m,9030747,FRYDERYK CHOPIN,Yacht,Unknown,1992,44.00,,8.00,,-,306,-,-,-,-,-,-,-,-,-,,,,,-,,,-,,,-,-,-,-,-,-,-,-,-,-,2026-03-10 13:24:03.139197,16,-61,0.4,340.5
FRYDERYK CHOPIN,-,-,,4.0 m,At anchor,1 min ago,9030747 / 261000290,SPS2298,Sailing vessel,Poland,44 / 8 m,9030747,FRYDERYK CHOPIN,Yacht,Unknown,1992,44.00,,8.00,,-,306,-,-,-,-,-,-,-,-,-,,,,,-,,,-,,,-,-,-,-,-,-,-,-,-,-,2026-03-10 14:12:21.796225,16,-61,0.3,113.4
FRYDERYK CHOPIN,-,-,,4.0 m,At anchor,0 min ago,9030747 / 261000290,SPS2298,Sailing vessel,Poland,44 / 8 m,9030747,FRYDERYK CHOPIN,Yacht,Unknown,1992,44.00,,8.00,,-,306,-,-,-,-,-,-,-,-,-,,,,,-,,,-,,,-,-,-,-,-,-,-,-,-,-,2026-03-10 15:12:06.065668,16,-61,0.3,286.9
FRYDERYK CHOPIN,-,-,,4.0 m,At anchor,2 min ago,9030747 / 261000290,SPS2298,Sailing vessel,Poland,44 / 8 m,9030747,FRYDERYK CHOPIN,Yacht,Unknown,1992,44.00,,8.00,,-,306,-,-,-,-,-,-,-,-,-,,,,,-,,,-,,,-,-,-,-,-,-,-,-,-,-,2026-03-10 16:16:21.257028,16,-61,0.2,221.4
FRYDERYK CHOPIN,-,-,,4.0 m,At anchor,3 min ago,9030747 / 261000290,SPS2298,Sailing vessel,Poland,44 / 8 m,9030747,FRYDERYK CHOPIN,Yacht,Unknown,1992,44.00,,8.00,,-,306,-,-,-,-,-,-,-,-,-,,,,,-,,,-,,,-,-,-,-,-,-,-,-,-,-,2026-03-10 17:11:24.013947,16,-61,0.4,286.9
FRYDERYK CHOPIN,-,-,,4.0 m,At anchor,2 min ago,9030747 / 261000290,SPS2298,Sailing vessel,Poland,44 / 8 m,9030747,FRYDERYK CHOPIN,Yacht,Unknown,1992,44.00,,8.00,,-,306,-,-,-,-,-,-,-,-,-,,,,,-,,,-,,,-,-,-,-,-,-,-,-,-,-,2026-03-10 18:01:45.479225,16,-61,0.3,172.8
FRYDERYK CHOPIN,-,-,,4.0 m,At anchor,1 min ago,9030747 / 261000290,SPS2298,Sailing vessel,Poland,44 / 8 m,9030747,FRYDERYK CHOPIN,Yacht,Unknown,1992,44.00,,8.00,,-,306,-,-,-,-,-,-,-,-,-,,,,,-,,,-,,,-,-,-,-,-,-,-,-,-,-,2026-03-10 19:04:12.509006,16,-61,0.1,85.9
FRYDERYK CHOPIN,-,-,,4.0 m,At anchor,1 min ago,9030747 / 261000290,SPS2298,Sailing vessel,Poland,44 / 8 m,9030747,FRYDERYK CHOPIN,Yacht,Unknown,1992,44.00,,8.00,,-,306,-,-,-,-,-,-,-,-,-,,,,,-,,,-,,,-,-,-,-,-,-,-,-,-,-,2026-03-10 19:48:46.006351,16,-61,0.3,319.9
FRYDERYK CHOPIN,-,-,,4.0 m,At anchor,1 min ago,9030747 / 261000290,SPS2298,Sailing vessel,Poland,44 / 8 m,9030747,FRYDERYK CHOPIN,Yacht,Unknown,1992,44.00,,8.00,,-,306,-,-,-,-,-,-,-,-,-,,,,,-,,,-,,,-,-,-,-,-,-,-,-,-,-,2026-03-10 20:18:52.921559,16,-61,0.2,88.9
FRYDERYK CHOPIN,-,-,,4.0 m,At anchor,0 min ago,9030747 / 261000290,SPS2298,Sailing vessel,Poland,44 / 8 m,9030747,FRYDERYK CHOPIN,Yacht,Unknown,1992,44.00,,8.00,,-,306,-,-,-,-,-,-,-,-,-,,,,,-,,,-,,,-,-,-,-,-,-,-,-,-,-,2026-03-10 20:54:09.554372,16,-61,0.3,56.9
FRYDERYK CHOPIN,-,-,,4.0 m,At anchor,2 min ago,9030747 / 261000290,SPS2298,Sailing vessel,Poland,44 / 8 m,9030747,FRYDERYK CHOPIN,Yacht,Unknown,1992,44.00,,8.00,,-,306,-,-,-,-,-,-,-,-,-,,,,,-,,,-,,,-,-,-,-,-,-,-,-,-,-,2026-03-10 21:26:09.853407,16,-61,0.1,141.2
FRYDERYK CHOPIN,-,-,,4.0 m,At anchor,1 min ago,9030747 / 261000290,SPS2298,Sailing vessel,Poland,44 / 8 m,9030747,FRYDERYK CHOPIN,Yacht,Unknown,1992,44.00,,8.00,,-,306,-,-,-,-,-,-,-,-,-,,,,,-,,,-,,,-,-,-,-,-,-,-,-,-,-,2026-03-10 21:51:44.410284,16,-61,0.1,144.0
FRYDERYK CHOPIN,-,-,,4.0 m,At anchor,2 min ago,9030747 / 261000290,SPS2298,Sailing vessel,Poland,44 / 8 m,9030747,FRYDERYK CHOPIN,Yacht,Unknown,1992,44.00,,8.00,,-,306,-,-,-,-,-,-,-,-,-,,,,,-,,,-,,,-,-,-,-,-,-,-,-,-,-,2026-03-10 22:16:34.459791,16,-61,0.1,353.3
FRYDERYK CHOPIN,-,-,,4.0 m,At anchor,2 min ago,9030747 / 261000290,SPS2298,Sailing vessel,Poland,44 / 8 m,9030747,FRYDERYK CHOPIN,Yacht,Unknown,1992,44.00,,8.00,,-,306,-,-,-,-,-,-,-,-,-,,,,,-,,,-,,,-,-,-,-,-,-,-,-,-,-,2026-03-10 22:49:50.797737,16,-61,0.1,262.8
FRYDERYK CHOPIN,-,-,,4.0 m,At anchor,1 min ago,9030747 / 261000290,SPS2298,Sailing vessel,Poland,44 / 8 m,9030747,FRYDERYK CHOPIN,Yacht,Unknown,1992,44.00,,8.00,,-,306,-,-,-,-,-,-,-,-,-,,,,,-,,,-,,,-,-,-,-,-,-,-,-,-,-,2026-03-10 23:15:39.751361,16,-61,0.2,271.2
FRYDERYK CHOPIN,-,-,,4.0 m,At anchor,1 min ago,9030747 / 261000290,SPS2298,Sailing vessel,Poland,44 / 8 m,9030747,FRYDERYK CHOPIN,Yacht,Unknown,1992,44.00,,8.00,,-,306,-,-,-,-,-,-,-,-,-,,,,,-,,,-,,,-,-,-,-,-,-,-,-,-,-,2026-03-10 23:45:47.152183,16,-61,0.2,126.0
FRYDERYK CHOPIN,-,-,,4.0 m,At anchor,0 min ago,9030747 / 261000290,SPS2298,Sailing vessel,Poland,44 / 8 m,9030747,FRYDERYK CHOPIN,Yacht,Unknown,1992,44.00,,8.00,,-,306,-,-,-,-,-,-,-,-,-,,,,,-,,,-,,,-,-,-,-,-,-,-,-,-,-,2026-03-11 00:00:00.175966,16,-61,0.2,154.7
FRYDERYK CHOPIN,-,-,,4.0 m,At anchor,1 min ago,9030747 / 261000290,SPS2298,Sailing vessel,Poland,44 / 8 m,9030747,FRYDERYK CHOPIN,Yacht,Unknown,1992,44.00,,8.00,,-,306,-,-,-,-,-,-,-,-,-,,,,,-,,,-,,,-,-,-,-,-,-,-,-,-,-,2026-03-11 02:45:23.758342,16,-61,0.3,284.8
FRYDERYK CHOPIN,-,-,,4.0 m,At anchor,2 min ago,9030747 / 261000290,SPS2298,Sailing vessel,Poland,44 / 8 m,9030747,FRYDERYK CHOPIN,Yacht,Unknown,1992,44.00,,8.00,,-,306,-,-,-,-,-,-,-,-,-,,,,,-,,,-,,,-,-,-,-,-,-,-,-,-,-,2026-03-11 04:25:33.513001,16,-61,0.2,119.9
FRYDERYK CHOPIN,-,-,,4.0 m,At anchor,0 min ago,9030747 / 261000290,SPS2298,Sailing vessel,Poland,44 / 8 m,9030747,FRYDERYK CHOPIN,Yacht,Unknown,1992,44.00,,8.00,,-,306,-,-,-,-,-,-,-,-,-,,,,,-,,,-,,,-,-,-,-,-,-,-,-,-,-,2026-03-11 05:33:03.525959,16,-61,0.0,346.7
FRYDERYK CHOPIN,-,-,,4.0 m,At anchor,2 min ago,9030747 / 261000290,SPS2298,Sailing vessel,Poland,44 / 8 m,9030747,FRYDERYK CHOPIN,Yacht,Unknown,1992,44.00,,8.00,,-,306,-,-,-,-,-,-,-,-,-,,,,,-,,,-,,,-,-,-,-,-,-,-,-,-,-,2026-03-11 06:10:41.991563,16,-61,0.1,28.2
FRYDERYK CHOPIN,-,-,,4.0 m,At anchor,1 min ago,9030747 / 261000290,SPS2298,Sailing vessel,Poland,44 / 8 m,9030747,FRYDERYK CHOPIN,Yacht,Unknown,1992,44.00,,8.00,,-,306,-,-,-,-,-,-,-,-,-,,,,,-,,,-,,,-,-,-,-,-,-,-,-,-,-,2026-03-11 07:12:44.006176,16,-61,0.4,95.8
FRYDERYK CHOPIN,-,-,,4.0 m,At anchor,3 min ago,9030747 / 261000290,SPS2298,Sailing vessel,Poland,44 / 8 m,9030747,FRYDERYK CHOPIN,Yacht,Unknown,1992,44.00,,8.00,,-,306,-,-,-,-,-,-,-,-,-,,,,,-,,,-,,,-,-,-,-,-,-,-,-,-,-,2026-03-11 07:56:25.567232,16,-61,0.1,140.9
FRYDERYK CHOPIN,-,-,,4.0 m,At anchor,2 min ago,9030747 / 261000290,SPS2298,Sailing vessel,Poland,44 / 8 m,9030747,FRYDERYK CHOPIN,Yacht,Unknown,1992,44.00,,8.00,,-,306,-,-,-,-,-,-,-,-,-,,,,,-,,,-,,,-,-,-,-,-,-,-,-,-,-,2026-03-11 08:44:12.074722,16,-61,0.1,105.0
FRYDERYK CHOPIN,-,-,,4.0 m,At anchor,15 min ago,9030747 / 261000290,SPS2298,Sailing vessel,Poland,44 / 8 m,9030747,FRYDERYK CHOPIN,Yacht,Unknown,1992,44.00,,8.00,,-,306,-,-,-,-,-,-,-,-,-,,,,,-,,,-,,,-,-,-,-,-,-,-,-,-,-,2026-03-11 09:29:21.333223,16,-61,0.1,108.7
FRYDERYK CHOPIN,-,-,,4.0 m,At anchor,1 min ago,9030747 / 261000290,SPS2298,Sailing vessel,Poland,44 / 8 m,9030747,FRYDERYK CHOPIN,Yacht,Unknown,1992,44.00,,8.00,,-,306,-,-,-,-,-,-,-,-,-,,,,,-,,,-,,,-,-,-,-,-,-,-,-,-,-,2026-03-11 10:09:56.098922,16,-61,0.1,332.2
FRYDERYK CHOPIN,-,-,,4.0 m,At anchor,2 min ago,9030747 / 261000290,SPS2298,Sailing vessel,Poland,44 / 8 m,9030747,FRYDERYK CHOPIN,Yacht,Unknown,1992,44.00,,8.00,,-,306,-,-,-,-,-,-,-,-,-,,,,,-,,,-,,,-,-,-,-,-,-,-,-,-,-,2026-03-11 11:01:16.064767,16,-61,0.2,88.0
FRYDERYK CHOPIN,-,-,,4.0 m,At anchor,2 min ago,9030747 / 261000290,SPS2298,Sailing vessel,Poland,44 / 8 m,9030747,FRYDERYK CHOPIN,Yacht,Unknown,1992,44.00,,8.00,,-,306,-,-,-,-,-,-,-,-,-,,,,,-,,,-,,,-,-,-,-,-,-,-,-,-,-,2026-03-11 11:43:17.725887,16,-61,0.1,98.3
FRYDERYK CHOPIN,-,-,,4.0 m,At anchor,1 min ago,9030747 / 261000290,SPS2298,Sailing vessel,Poland,44 / 8 m,9030747,FRYDERYK CHOPIN,Yacht,Unknown,1992,44.00,,8.00,,-,306,-,-,-,-,-,-,-,-,-,,,,,-,,,-,,,-,-,-,-,-,-,-,-,-,-,2026-03-11 12:03:54.425400,16,-61,0.2,327.3
FRYDERYK CHOPIN,-,-,,4.0 m,At anchor,2 min ago,9030747 / 261000290,SPS2298,Sailing vessel,Poland,44 / 8 m,9030747,FRYDERYK CHOPIN,Yacht,Unknown,1992,44.00,,8.00,,-,306,-,-,-,-,-,-,-,-,-,,,,,-,,,-,,,-,-,-,-,-,-,-,-,-,-,2026-03-11 13:25:34.814405,16,-61,0.2,117.0
FRYDERYK CHOPIN,-,-,,4.0 m,At anchor,1 min ago,9030747 / 261000290,SPS2298,Sailing vessel,Poland,44 / 8 m,9030747,FRYDERYK CHOPIN,Yacht,Unknown,1992,44.00,,8.00,,-,306,-,-,-,-,-,-,-,-,-,,,,,-,,,-,,,-,-,-,-,-,-,-,-,-,-,2026-03-11 14:27:26.060505,16,-61,0.2,70.4
FRYDERYK CHOPIN,-,-,,4.0 m,At anchor,2 min ago,9030747 / 261000290,SPS2298,Sailing vessel,Poland,44 / 8 m,9030747,FRYDERYK CHOPIN,Yacht,Unknown,1992,44.00,,8.00,,-,306,-,-,-,-,-,-,-,-,-,,,,,-,,,-,,,-,-,-,-,-,-,-,-,-,-,2026-03-11 15:13:46.592292,16,-61,0.2,303.3
FRYDERYK CHOPIN,-,-,,4.0 m,At anchor,3 min ago,9030747 / 261000290,SPS2298,Sailing vessel,Poland,44 / 8 m,9030747,FRYDERYK CHOPIN,Yacht,Unknown,1992,44.00,,8.00,,-,306,-,-,-,-,-,-,-,-,-,,,,,-,,,-,,,-,-,-,-,-,-,-,-,-,-,2026-03-11 16:05:28.070874,16,-61,0.2,32.6
FRYDERYK CHOPIN,-,-,,4.0 m,At anchor,2 min ago,9030747 / 261000290,SPS2298,Sailing vessel,Poland,44 / 8 m,9030747,FRYDERYK CHOPIN,Yacht,Unknown,1992,44.00,,8.00,,-,306,-,-,-,-,-,-,-,-,-,,,,,-,,,-,,,-,-,-,-,-,-,-,-,-,-,2026-03-11 17:08:00.264148,16,-61,0.2,190.1
FRYDERYK CHOPIN,-,-,,4.0 m,At anchor,3 min ago,9030747 / 261000290,SPS2298,Sailing vessel,Poland,44 / 8 m,9030747,FRYDERYK CHOPIN,Yacht,Unknown,1992,44.00,,8.00,,-,306,-,-,-,-,-,-,-,-,-,,,,,-,,,-,,,-,-,-,-,-,-,-,-,-,-,2026-03-11 18:02:36.959108,16,-61,0.3,70.7
FRYDERYK CHOPIN,-,-,,4.0 m,At anchor,2 min ago,9030747 / 261000290,SPS2298,Sailing vessel,Poland,44 / 8 m,9030747,FRYDERYK CHOPIN,Yacht,Unknown,1992,44.00,,8.00,,-,306,-,-,-,-,-,-,-,-,-,,,,,-,,,-,,,-,-,-,-,-,-,-,-,-,-,2026-03-11 19:07:14.672010,16,-61,0.3,250.9
FRYDERYK CHOPIN,-,-,,4.0 m,At anchor,2 min ago,9030747 / 261000290,SPS2298,Sailing vessel,Poland,44 / 8 m,9030747,FRYDERYK CHOPIN,Yacht,Unknown,1992,44.00,,8.00,,-,306,-,-,-,-,-,-,-,-,-,,,,,-,,,-,,,-,-,-,-,-,-,-,-,-,-,2026-03-11 19:50:05.910014,16,-61,0.1,153.7
FRYDERYK CHOPIN,-,-,,4.0 m,At anchor,3 min ago,9030747 / 261000290,SPS2298,Sailing vessel,Poland,44 / 8 m,9030747,FRYDERYK CHOPIN,Yacht,Unknown,1992,44.00,,8.00,,-,306,-,-,-,-,-,-,-,-,-,,,,,-,,,-,,,-,-,-,-,-,-,-,-,-,-,2026-03-11 20:20:24.575163,16,-61,0.1,141.1
FRYDERYK CHOPIN,-,-,,4.0 m,At anchor,1 min ago,9030747 / 261000290,SPS2298,Sailing vessel,Poland,44 / 8 m,9030747,FRYDERYK CHOPIN,Yacht,Unknown,1992,44.00,,8.00,,-,306,-,-,-,-,-,-,-,-,-,,,,,-,,,-,,,-,-,-,-,-,-,-,-,-,-,2026-03-11 20:54:31.729278,16,-61,0.1,47.3
FRYDERYK CHOPIN,-,-,,4.0 m,At anchor,3 min ago,9030747 / 261000290,SPS2298,Sailing vessel,Poland,44 / 8 m,9030747,FRYDERYK CHOPIN,Yacht,Unknown,1992,44.00,,8.00,,-,306,-,-,-,-,-,-,-,-,-,,,,,-,,,-,,,-,-,-,-,-,-,-,-,-,-,2026-03-11 21:29:47.672509,16,-61,0.1,246.6
FRYDERYK CHOPIN,-,-,,4.0 m,At anchor,1 min ago,9030747 / 261000290,SPS2298,Sailing vessel,Poland,44 / 8 m,9030747,FRYDERYK CHOPIN,Yacht,Unknown,1992,44.00,,8.00,,-,306,-,-,-,-,-,-,-,-,-,,,,,-,,,-,,,-,-,-,-,-,-,-,-,-,-,2026-03-11 21:57:50.513447,16,-61,0.3,3.0
FRYDERYK CHOPIN,-,-,,4.0 m,At anchor,3 min ago,9030747 / 261000290,SPS2298,Sailing vessel,Poland,44 / 8 m,9030747,FRYDERYK CHOPIN,Yacht,Unknown,1992,44.00,,8.00,,-,306,-,-,-,-,-,-,-,-,-,,,,,-,,,-,,,-,-,-,-,-,-,-,-,-,-,2026-03-11 22:32:57.825157,16,-61,0.0,327.3
FRYDERYK CHOPIN,-,-,,4.0 m,At anchor,1 min ago,9030747 / 261000290,SPS2298,Sailing vessel,Poland,44 / 8 m,9030747,FRYDERYK CHOPIN,Yacht,Unknown,1992,44.00,,8.00,,-,306,-,-,-,-,-,-,-,-,-,,,,,-,,,-,,,-,-,-,-,-,-,-,-,-,-,2026-03-11 22:55:00.575498,16,-61,0.1,306.9
FRYDERYK CHOPIN,-,-,,4.0 m,At anchor,0 min ago,9030747 / 261000290,SPS2298,Sailing vessel,Poland,44 / 8 m,9030747,FRYDERYK CHOPIN,Yacht,Unknown,1992,44.00,,8.00,,-,306,-,-,-,-,-,-,-,-,-,,,,,-,,,-,,,-,-,-,-,-,-,-,-,-,-,2026-03-11 23:24:08.757313,16,-61,0.1,88.1
FRYDERYK CHOPIN,-,-,,4.0 m,At anchor,1 min ago,9030747 / 261000290,SPS2298,Sailing vessel,Poland,44 / 8 m,9030747,FRYDERYK CHOPIN,Yacht,Unknown,1992,44.00,,8.00,,-,306,-,-,-,-,-,-,-,-,-,,,,,-,,,-,,,-,-,-,-,-,-,-,-,-,-,2026-03-11 23:48:47.688575,16,-61,0.1,318.3
FRYDERYK CHOPIN,-,-,,4.0 m,At anchor,3 min ago,9030747 / 261000290,SPS2298,Sailing vessel,Poland,44 / 8 m,9030747,FRYDERYK CHOPIN,Yacht,Unknown,1992,44.00,,8.00,,-,306,-,-,-,-,-,-,-,-,-,,,,,-,,,-,,,-,-,-,-,-,-,-,-,-,-,2026-03-12 00:47:30.995070,16,-61,0.0,43.4
FRYDERYK CHOPIN,-,-,,4.0 m,At anchor,1 min ago,9030747 / 261000290,SPS2298,Sailing vessel,Poland,44 / 8 m,9030747,FRYDERYK CHOPIN,Yacht,Unknown,1992,44.00,,8.00,,-,306,-,-,-,-,-,-,-,-,-,,,,,-,,,-,,,-,-,-,-,-,-,-,-,-,-,2026-03-12 05:03:44.877317,16,-61,0.1,152.8
FRYDERYK CHOPIN,-,-,,4.0 m,At anchor,3 min ago,9030747 / 261000290,SPS2298,Sailing vessel,Poland,44 / 8 m,9030747,FRYDERYK CHOPIN,Yacht,Unknown,1992,44.00,,8.00,,-,306,-,-,-,-,-,-,-,-,-,,,,,-,,,-,,,-,-,-,-,-,-,-,-,-,-,2026-03-12 06:02:57.905650,16,-61,0.1,78.1
FRYDERYK CHOPIN,-,-,,4.0 m,At anchor,2 min ago,9030747 / 261000290,SPS2298,Sailing vessel,Poland,44 / 8 m,9030747,FRYDERYK CHOPIN,Yacht,Unknown,1992,44.00,,8.00,,-,306,-,-,-,-,-,-,-,-,-,,,,,-,,,-,,,-,-,-,-,-,-,-,-,-,-,2026-03-12 07:10:53.746592,16,-61,0.2,195.7
FRYDERYK CHOPIN,-,-,,4.0 m,At anchor,2 min ago,9030747 / 261000290,SPS2298,Sailing vessel,Poland,44 / 8 m,9030747,FRYDERYK CHOPIN,Yacht,Unknown,1992,44.00,,8.00,,-,306,-,-,-,-,-,-,-,-,-,,,,,-,,,-,,,-,-,-,-,-,-,-,-,-,-,2026-03-12 07:55:56.371832,16,-61,0.2,345.5
FRYDERYK CHOPIN,-,-,,4.0 m,At anchor,2 min ago,9030747 / 261000290,SPS2298,Sailing vessel,Poland,44 / 8 m,9030747,FRYDERYK CHOPIN,Yacht,Unknown,1992,44.00,,8.00,,-,306,-,-,-,-,-,-,-,-,-,,,,,-,,,-,,,-,-,-,-,-,-,-,-,-,-,2026-03-12 08:43:24.800705,16,-61,0.1,258.3
FRYDERYK CHOPIN,-,-,,4.0 m,At anchor,3 min ago,9030747 / 261000290,SPS2298,Sailing vessel,Poland,44 / 8 m,9030747,FRYDERYK CHOPIN,Yacht,Unknown,1992,44.00,,8.00,,-,306,-,-,-,-,-,-,-,-,-,,,,,-,,,-,,,-,-,-,-,-,-,-,-,-,-,2026-03-12 09:29:32.656862,16,-61,0.1,103.6
FRYDERYK CHOPIN,-,-,,4.0 m,At anchor,2 min ago,9030747 / 261000290,SPS2298,Sailing vessel,Poland,44 / 8 m,9030747,FRYDERYK CHOPIN,Yacht,Unknown,1992,44.00,,8.00,,-,306,-,-,-,-,-,-,-,-,-,,,,,-,,,-,,,-,-,-,-,-,-,-,-,-,-,2026-03-12 10:10:22.848261,16,-61,0.1,37.7
FRYDERYK CHOPIN,-,-,,4.0 m,At anchor,1 min ago,9030747 / 261000290,SPS2298,Sailing vessel,Poland,44 / 8 m,9030747,FRYDERYK CHOPIN,Yacht,Unknown,1992,44.00,,8.00,,-,306,-,-,-,-,-,-,-,-,-,,,,,-,,,-,,,-,-,-,-,-,-,-,-,-,-,2026-03-12 11:01:02.433226,16,-61,0.0,95.0
FRYDERYK CHOPIN,-,-,,4.0 m,Under way,0 min ago,9030747 / 261000290,SPS2298,Sailing vessel,Poland,44 / 8 m,9030747,FRYDERYK CHOPIN,Yacht,Unknown,1992,44.00,,8.00,,-,306,-,-,-,-,-,-,-,-,-,,,,,-,,,-,,,-,-,-,-,-,-,-,-,-,-,2026-03-12 11:39:11.029047,16,-61,1.0,97.0
FRYDERYK CHOPIN,-,-,,4.0 m,Under way,0 min ago,9030747 / 261000290,SPS2298,Sailing vessel,Poland,44 / 8 m,9030747,FRYDERYK CHOPIN,Yacht,Unknown,1992,44.00,,8.00,,-,306,-,-,-,-,-,-,-,-,-,,,,,-,,,-,,,-,-,-,-,-,-,-,-,-,-,2026-03-12 11:59:24.684449,16,-61,1.0,245.0
FRYDERYK CHOPIN,-,-,,4.0 m,Moored,2 min ago,9030747 / 261000290,SPS2298,Sailing vessel,Poland,44 / 8 m,9030747,FRYDERYK CHOPIN,Yacht,Unknown,1992,44.00,,8.00,,-,306,-,-,-,-,-,-,-,-,-,,,,,-,,,-,,,-,-,-,-,-,-,-,-,-,-,2026-03-12 13:22:02.245998,16,-61,0.0,330.8
FRYDERYK CHOPIN,-,-,,4.0 m,Moored,2 min ago,9030747 / 261000290,SPS2298,Sailing vessel,Poland,44 / 8 m,9030747,FRYDERYK CHOPIN,Yacht,Unknown,1992,44.00,,8.00,,-,306,-,-,-,-,-,-,-,-,-,,,,,-,,,-,,,-,-,-,-,-,-,-,-,-,-,2026-03-12 14:13:22.834537,16,-61,0.0,35.5
FRYDERYK CHOPIN,-,-,,4.0 m,Moored,1 min ago,9030747 / 261000290,SPS2298,Sailing vessel,Poland,44 / 8 m,9030747,FRYDERYK CHOPIN,Yacht,Unknown,1992,44.00,,8.00,,-,306,-,-,-,-,-,-,-,-,-,,,,,-,,,-,,,-,-,-,-,-,-,-,-,-,-,2026-03-12 15:11:43.097785,16,-61,0.0,56.7
FRYDERYK CHOPIN,-,-,,4.0 m,Moored,3 min ago,9030747 / 261000290,SPS2298,Sailing vessel,Poland,44 / 8 m,9030747,FRYDERYK CHOPIN,Yacht,Unknown,1992,44.00,,8.00,,-,306,-,-,-,-,-,-,-,-,-,,,,,-,,,-,,,-,-,-,-,-,-,-,-,-,-,2026-03-12 16:16:43.615276,16,-61,0.0,77.8
FRYDERYK CHOPIN,-,-,,4.0 m,Moored,3 min ago,9030747 / 261000290,SPS2298,Sailing vessel,Poland,44 / 8 m,9030747,FRYDERYK CHOPIN,Yacht,Unknown,1992,44.00,,8.00,,-,306,-,-,-,-,-,-,-,-,-,,,,,-,,,-,,,-,-,-,-,-,-,-,-,-,-,2026-03-12 17:14:26.941847,16,-61,0.0,115.2
FRYDERYK CHOPIN,-,-,,4.0 m,Sailing,1 min ago,9030747 / 261000290,SPS2298,Sailing vessel,Poland,44 / 8 m,9030747,FRYDERYK CHOPIN,Yacht,Unknown,1992,44.00,,8.00,,-,306,-,-,-,-,-,-,-,-,-,,,,,-,,,-,,,-,-,-,-,-,-,-,-,-,-,2026-03-12 18:05:18.468069,16,-61,4.5,230.5
FRYDERYK CHOPIN,-,-,,4.0 m,Sailing,2 min ago,9030747 / 261000290,SPS2298,Sailing vessel,Poland,44 / 8 m,9030747,FRYDERYK CHOPIN,Yacht,Unknown,1992,44.00,,8.00,,-,306,-,-,-,-,-,-,-,-,-,,,,,-,,,-,,,-,-,-,-,-,-,-,-,-,-,2026-03-12 19:09:22.296129,15,-61,9.8,170.8
FRYDERYK CHOPIN,-,-,,4.0 m,Sailing,0 min ago,9030747 / 261000290,SPS2298,Sailing vessel,Poland,44 / 8 m,9030747,FRYDERYK CHOPIN,Yacht,Unknown,1992,44.00,,8.00,,-,306,-,-,-,-,-,-,-,-,-,,,,,-,,,-,,,-,-,-,-,-,-,-,-,-,-,2026-03-12 19:52:49.972731,15,-61,10.3,172.4
FRYDERYK CHOPIN,-,-,,4.0 m,Sailing,0 min ago,9030747 / 261000290,SPS2298,Sailing vessel,Poland,44 / 8 m,9030747,FRYDERYK CHOPIN,Yacht,Unknown,1992,44.00,,8.00,,-,306,-,-,-,-,-,-,-,-,-,,,,,-,,,-,,,-,-,-,-,-,-,-,-,-,-,2026-03-12 20:26:12.538170,15,-61,9.3,174.9
FRYDERYK CHOPIN,-,-,,4.0 m,Sailing,1 min ago,9030747 / 261000290,SPS2298,Sailing vessel,Poland,44 / 8 m,9030747,FRYDERYK CHOPIN,Yacht,Unknown,1992,44.00,,8.00,,-,306,-,-,-,-,-,-,-,-,-,,,,,-,,,-,,,-,-,-,-,-,-,-,-,-,-,2026-03-12 21:00:57.683198,15,-61,7.9,172.6
FRYDERYK CHOPIN,-,-,,4.0 m,Sailing,0 min ago,9030747 / 261000290,SPS2298,Sailing vessel,Poland,44 / 8 m,9030747,FRYDERYK CHOPIN,Yacht,Unknown,1992,44.00,,8.00,,-,306,-,-,-,-,-,-,-,-,-,,,,,-,,,-,,,-,-,-,-,-,-,-,-,-,-,2026-03-12 21:44:06.914055,15,-61,6.2,180.6
FRYDERYK CHOPIN,-,-,,4.0 m,Sailing,0 min ago,9030747 / 261000290,SPS2298,Sailing vessel,Poland,44 / 8 m,9030747,FRYDERYK CHOPIN,Yacht,Unknown,1992,44.00,,8.00,,-,306,-,-,-,-,-,-,-,-,-,,,,,-,,,-,,,-,-,-,-,-,-,-,-,-,-,2026-03-12 22:02:18.527455,15,-61,8.1,188.5
FRYDERYK CHOPIN,-,-,,4.0 m,Sailing,1 min ago,9030747 / 261000290,SPS2298,Sailing vessel,Poland,44 / 8 m,9030747,FRYDERYK CHOPIN,Yacht,Unknown,1992,44.00,,8.00,,-,306,-,-,-,-,-,-,-,-,-,,,,,-,,,-,,,-,-,-,-,-,-,-,-,-,-,2026-03-12 22:39:15.401401,15,-61,7.9,176.6
FRYDERYK CHOPIN,-,-,,4.0 m,Sailing,2 min ago,9030747 / 261000290,SPS2298,Sailing vessel,Poland,44 / 8 m,9030747,FRYDERYK CHOPIN,Yacht,Unknown,1992,44.00,,8.00,,-,306,-,-,-,-,-,-,-,-,-,,,,,-,,,-,,,-,-,-,-,-,-,-,-,-,-,2026-03-12 23:00:57.250645,15,-61,9.3,179.8
FRYDERYK CHOPIN,-,-,,4.0 m,Sailing,2 min ago,9030747 / 261000290,SPS2298,Sailing vessel,Poland,44 / 8 m,9030747,FRYDERYK CHOPIN,Yacht,Unknown,1992,44.00,,8.00,,-,306,-,-,-,-,-,-,-,-,-,,,,,-,,,-,,,-,-,-,-,-,-,-,-,-,-,2026-03-12 23:38:33.706222,15,-61,5.7,181.0
FRYDERYK CHOPIN,-,-,,4.0 m,Sailing,1 min ago,9030747 / 261000290,SPS2298,Sailing vessel,Poland,44 / 8 m,9030747,FRYDERYK CHOPIN,Yacht,Unknown,1992,44.00,,8.00,,-,306,-,-,-,-,-,-,-,-,-,,,,,-,,,-,,,-,-,-,-,-,-,-,-,-,-,2026-03-12 23:58:08.839605,15,-61,6.6,156.5
FRYDERYK CHOPIN,-,-,,4.0 m,Under way,0 min ago,9030747 / 261000290,SPS2298,Sailing vessel,Poland,44 / 8 m,9030747,FRYDERYK CHOPIN,Yacht,Unknown,1992,44.00,,8.00,,-,306,-,-,-,-,-,-,-,-,-,,,,,-,,,-,,,-,-,-,-,-,-,-,-,-,-,2026-03-13 02:37:10.406671,14,-61,4.0,173.8
FRYDERYK CHOPIN,-,-,,4.0 m,Sailing,1 min ago,9030747 / 261000290,SPS2298,Sailing vessel,Poland,44 / 8 m,9030747,FRYDERYK CHOPIN,Yacht,Unknown,1992,44.00,,8.00,,-,306,-,-,-,-,-,-,-,-,-,,,,,-,,,-,,,-,-,-,-,-,-,-,-,-,-,2026-03-13 04:26:18.278369,14,-61,8.4,186.1
FRYDERYK CHOPIN,-,-,,4.0 m,Sailing,2 min ago,9030747 / 261000290,SPS2298,Sailing vessel,Poland,44 / 8 m,9030747,FRYDERYK CHOPIN,Yacht,Unknown,1992,44.00,,8.00,,-,306,-,-,-,-,-,-,-,-,-,,,,,-,,,-,,,-,-,-,-,-,-,-,-,-,-,2026-03-13 05:33:52.769842,14,-61,7.2,185.2
FRYDERYK CHOPIN,-,-,,4.0 m,Sailing,1 min ago,9030747 / 261000290,SPS2298,Sailing vessel,Poland,44 / 8 m,9030747,FRYDERYK CHOPIN,Yacht,Unknown,1992,44.00,,8.00,,-,306,-,-,-,-,-,-,-,-,-,,,,,-,,,-,,,-,-,-,-,-,-,-,-,-,-,2026-03-13 06:30:42.314576,14,-61,7.1,181.7
FRYDERYK CHOPIN,-,-,,4.0 m,Sailing,2 min ago,9030747 / 261000290,SPS2298,Sailing vessel,Poland,44 / 8 m,9030747,FRYDERYK CHOPIN,Yacht,Unknown,1992,44.00,,8.00,,-,306,-,-,-,-,-,-,-,-,-,,,,,-,,,-,,,-,-,-,-,-,-,-,-,-,-,2026-03-13 07:30:09.068413,14,-61,4.9,178.7
FRYDERYK CHOPIN,-,-,,4.0 m,Sailing,1 min ago,9030747 / 261000290,SPS2298,Sailing vessel,Poland,44 / 8 m,9030747,FRYDERYK CHOPIN,Yacht,Unknown,1992,44.00,,8.00,,-,306,-,-,-,-,-,-,-,-,-,,,,,-,,,-,,,-,-,-,-,-,-,-,-,-,-,2026-03-13 08:03:59.194836,14,-61,9.2,179.3
FRYDERYK CHOPIN,-,-,,4.0 m,Sailing,1 min ago,9030747 / 261000290,SPS2298,Sailing vessel,Poland,44 / 8 m,9030747,FRYDERYK CHOPIN,Yacht,Unknown,1992,44.00,,8.00,,-,306,-,-,-,-,-,-,-,-,-,,,,,-,,,-,,,-,-,-,-,-,-,-,-,-,-,2026-03-13 08:56:25.251357,14,-61,9.1,182.9
FRYDERYK CHOPIN,-,-,,4.0 m,Sailing,5 min ago,9030747 / 261000290,SPS2298,Sailing vessel,Poland,44 / 8 m,9030747,FRYDERYK CHOPIN,Yacht,Unknown,1992,44.00,,8.00,,-,306,-,-,-,-,-,-,-,-,-,,,,,-,,,-,,,-,-,-,-,-,-,-,-,-,-,2026-03-13 09:41:08.152091,14,-61,10.3,186.6
FRYDERYK CHOPIN,-,-,,4.0 m,Sailing,44 min ago,9030747 / 261000290,SPS2298,Sailing vessel,Poland,44 / 8 m,9030747,FRYDERYK CHOPIN,Yacht,Unknown,1992,44.00,,8.00,,-,306,-,-,-,-,-,-,-,-,-,,,,,-,,,-,,,-,-,-,-,-,-,-,-,-,-,2026-03-13 10:20:17.155521,14,-61,10.3,186.6
FRYDERYK CHOPIN,-,-,,4.0 m,Sailing,1 hour ago,9030747 / 261000290,SPS2298,Sailing vessel,Poland,44 / 8 m,9030747,FRYDERYK CHOPIN,Yacht,Unknown,1992,44.00,,8.00,,-,306,-,-,-,-,-,-,-,-,-,,,,,-,,,-,,,-,-,-,-,-,-,-,-,-,-,2026-03-13 11:01:01.919216,14,-61,10.3,186.6
FRYDERYK CHOPIN,-,-,,4.0 m,Sailing,9 min ago,9030747 / 261000290,SPS2298,Sailing vessel,Poland,44 / 8 m,9030747,FRYDERYK CHOPIN,Yacht,Unknown,1992,44.00,,8.00,,-,306,-,-,-,-,-,-,-,-,-,,,,,-,,,-,,,-,-,-,-,-,-,-,-,-,-,2026-03-13 11:39:51.563398,13,-61,9.5,178.9
FRYDERYK CHOPIN,-,-,,4.0 m,Sailing,2 min ago,9030747 / 261000290,SPS2298,Sailing vessel,Poland,44 / 8 m,9030747,FRYDERYK CHOPIN,Yacht,Unknown,1992,44.00,,8.00,,-,306,-,-,-,-,-,-,-,-,-,,,,,-,,,-,,,-,-,-,-,-,-,-,-,-,-,2026-03-13 12:00:34.649515,13,-61,9.1,180.0
FRYDERYK CHOPIN,-,-,,4.0 m,Sailing,0 min ago,9030747 / 261000290,SPS2298,Sailing vessel,Poland,44 / 8 m,9030747,FRYDERYK CHOPIN,Yacht,Unknown,1992,44.00,,8.00,,-,306,-,-,-,-,-,-,-,-,-,,,,,-,,,-,,,-,-,-,-,-,-,-,-,-,-,2026-03-13 13:20:51.552337,13,-61,8.8,185.0
FRYDERYK CHOPIN,-,-,,4.0 m,Sailing,0 min ago,9030747 / 261000290,SPS2298,Sailing vessel,Poland,44 / 8 m,9030747,FRYDERYK CHOPIN,Yacht,Unknown,1992,44.00,,8.00,,-,306,-,-,-,-,-,-,-,-,-,,,,,-,,,-,,,-,-,-,-,-,-,-,-,-,-,2026-03-13 14:09:45.053879,13,-61,8.3,181.0
FRYDERYK CHOPIN,-,-,,4.0 m,Sailing,0 min ago,9030747 / 261000290,SPS2298,Sailing vessel,Poland,44 / 8 m,9030747,FRYDERYK CHOPIN,Yacht,Unknown,1992,44.00,,8.00,,-,306,-,-,-,-,-,-,-,-,-,,,,,-,,,-,,,-,-,-,-,-,-,-,-,-,-,2026-03-13 15:01:53.976033,13,-61,9.2,183.9
FRYDERYK CHOPIN,-,-,,4.0 m,Under way,1 min ago,9030747 / 261000290,SPS2298,Sailing vessel,Poland,44 / 8 m,9030747,FRYDERYK CHOPIN,Yacht,Unknown,1992,44.00,,8.00,,-,306,-,-,-,-,-,-,-,-,-,,,,,-,,,-,,,-,-,-,-,-,-,-,-,-,-,2026-03-13 15:55:03.094033,13,-61,8.7,175.4
FRYDERYK CHOPIN,-,-,,4.0 m,At anchor,1 min ago,9030747 / 261000290,SPS2298,Sailing vessel,Poland,44 / 8 m,9030747,FRYDERYK CHOPIN,Yacht,Unknown,1992,44.00,,8.00,,-,306,-,-,-,-,-,-,-,-,-,,,,,-,,,-,,,-,-,-,-,-,-,-,-,-,-,2026-03-13 16:38:18.424338,13,-61,0.1,107.6
FRYDERYK CHOPIN,-,-,,4.0 m,At anchor,2 min ago,9030747 / 261000290,SPS2298,Sailing vessel,Poland,44 / 8 m,9030747,FRYDERYK CHOPIN,Yacht,Unknown,1992,44.00,,8.00,,-,306,-,-,-,-,-,-,-,-,-,,,,,-,,,-,,,-,-,-,-,-,-,-,-,-,-,2026-03-13 17:21:53.050694,13,-61,0.0,23.5
FRYDERYK CHOPIN,-,-,,4.0 m,At anchor,1 min ago,9030747 / 261000290,SPS2298,Sailing vessel,Poland,44 / 8 m,9030747,FRYDERYK CHOPIN,Yacht,Unknown,1992,44.00,,8.00,,-,306,-,-,-,-,-,-,-,-,-,,,,,-,,,-,,,-,-,-,-,-,-,-,-,-,-,2026-03-13 17:56:54.979557,13,-61,0.1,66.1
FRYDERYK CHOPIN,-,-,,4.0 m,At anchor,2 min ago,9030747 / 261000290,SPS2298,Sailing vessel,Poland,44 / 8 m,9030747,FRYDERYK CHOPIN,Yacht,Unknown,1992,44.00,,8.00,,-,306,-,-,-,-,-,-,-,-,-,,,,,-,,,-,,,-,-,-,-,-,-,-,-,-,-,2026-03-13 18:48:11.704658,13,-61,0.1,63.0
FRYDERYK CHOPIN,-,-,,4.0 m,At anchor,1 min ago,9030747 / 261000290,SPS2298,Sailing vessel,Poland,44 / 8 m,9030747,FRYDERYK CHOPIN,Yacht,Unknown,1992,44.00,,8.00,,-,306,-,-,-,-,-,-,-,-,-,,,,,-,,,-,,,-,-,-,-,-,-,-,-,-,-,2026-03-13 19:23:17.137979,13,-61,1.1,88.2
FRYDERYK CHOPIN,-,-,,4.0 m,Under way,0 min ago,9030747 / 261000290,SPS2298,Sailing vessel,Poland,44 / 8 m,9030747,FRYDERYK CHOPIN,Yacht,Unknown,1992,44.00,,8.00,,-,306,-,-,-,-,-,-,-,-,-,,,,,-,,,-,,,-,-,-,-,-,-,-,-,-,-,2026-03-13 19:53:55.349353,13,-61,0.1,158.1
FRYDERYK CHOPIN,-,-,,4.0 m,At anchor,2 min ago,9030747 / 261000290,SPS2298,Sailing vessel,Poland,44 / 8 m,9030747,FRYDERYK CHOPIN,Yacht,Unknown,1992,44.00,,8.00,,-,306,-,-,-,-,-,-,-,-,-,,,,,-,,,-,,,-,-,-,-,-,-,-,-,-,-,2026-03-13 20:28:46.918953,13,-61,0.1,332.5
FRYDERYK CHOPIN,-,-,,4.0 m,At anchor,3 min ago,9030747 / 261000290,SPS2298,Sailing vessel,Poland,44 / 8 m,9030747,FRYDERYK CHOPIN,Yacht,Unknown,1992,44.00,,8.00,,-,306,-,-,-,-,-,-,-,-,-,,,,,-,,,-,,,-,-,-,-,-,-,-,-,-,-,2026-03-13 21:02:50.538872,13,-61,0.2,263.9
FRYDERYK CHOPIN,-,-,,4.0 m,At anchor,2 min ago,9030747 / 261000290,SPS2298,Sailing vessel,Poland,44 / 8 m,9030747,FRYDERYK CHOPIN,Yacht,Unknown,1992,44.00,,8.00,,-,306,-,-,-,-,-,-,-,-,-,,,,,-,,,-,,,-,-,-,-,-,-,-,-,-,-,2026-03-13 21:46:43.065701,13,-61,0.1,342.3
FRYDERYK CHOPIN,-,-,,4.0 m,At anchor,0 min ago,9030747 / 261000290,SPS2298,Sailing vessel,Poland,44 / 8 m,9030747,FRYDERYK CHOPIN,Yacht,Unknown,1992,44.00,,8.00,,-,306,-,-,-,-,-,-,-,-,-,,,,,-,,,-,,,-,-,-,-,-,-,-,-,-,-,2026-03-13 22:15:37.564533,13,-61,0.1,276.0
FRYDERYK CHOPIN,-,-,,4.0 m,At anchor,3 min ago,9030747 / 261000290,SPS2298,Sailing vessel,Poland,44 / 8 m,9030747,FRYDERYK CHOPIN,Yacht,Unknown,1992,44.00,,8.00,,-,306,-,-,-,-,-,-,-,-,-,,,,,-,,,-,,,-,-,-,-,-,-,-,-,-,-,2026-03-13 22:48:00.140532,13,-61,0.1,14.3
FRYDERYK CHOPIN,-,-,,4.0 m,At anchor,1 min ago,9030747 / 261000290,SPS2298,Sailing vessel,Poland,44 / 8 m,9030747,FRYDERYK CHOPIN,Yacht,Unknown,1992,44.00,,8.00,,-,306,-,-,-,-,-,-,-,-,-,,,,,-,,,-,,,-,-,-,-,-,-,-,-,-,-,2026-03-13 23:15:50.570062,13,-61,0.2,56.3
FRYDERYK CHOPIN,-,-,,4.0 m,At anchor,1 min ago,9030747 / 261000290,SPS2298,Sailing vessel,Poland,44 / 8 m,9030747,FRYDERYK CHOPIN,Yacht,Unknown,1992,44.00,,8.00,,-,306,-,-,-,-,-,-,-,-,-,,,,,-,,,-,,,-,-,-,-,-,-,-,-,-,-,2026-03-13 23:46:13.133115,13,-61,0.1,23.7
FRYDERYK CHOPIN,-,-,,4.0 m,At anchor,1 min ago,9030747 / 261000290,SPS2298,Sailing vessel,Poland,44 / 8 m,9030747,FRYDERYK CHOPIN,Yacht,Unknown,1992,44.00,,8.00,,-,306,-,-,-,-,-,-,-,-,-,,,,,-,,,-,,,-,-,-,-,-,-,-,-,-,-,2026-03-14 00:03:40.768373,13,-61,0.1,122.3
FRYDERYK CHOPIN,-,-,,4.0 m,At anchor,1 min ago,9030747 / 261000290,SPS2298,Sailing vessel,Poland,44 / 8 m,9030747,FRYDERYK CHOPIN,Yacht,Unknown,1992,44.00,,8.00,,-,306,-,-,-,-,-,-,-,-,-,,,,,-,,,-,,,-,-,-,-,-,-,-,-,-,-,2026-03-14 02:49:25.283344,13,-61,0.2,151.7
FRYDERYK CHOPIN,-,-,,4.0 m,At anchor,2 min ago,9030747 / 261000290,SPS2298,Sailing vessel,Poland,44 / 8 m,9030747,FRYDERYK CHOPIN,Yacht,Unknown,1992,44.00,,8.00,,-,306,-,-,-,-,-,-,-,-,-,,,,,-,,,-,,,-,-,-,-,-,-,-,-,-,-,2026-03-14 04:26:15.314064,13,-61,0.0,32.5
FRYDERYK CHOPIN,-,-,,4.0 m,At anchor,2 min ago,9030747 / 261000290,SPS2298,Sailing vessel,Poland,44 / 8 m,9030747,FRYDERYK CHOPIN,Yacht,Unknown,1992,44.00,,8.00,,-,306,-,-,-,-,-,-,-,-,-,,,,,-,,,-,,,-,-,-,-,-,-,-,-,-,-,2026-03-14 05:32:22.914093,13,-61,0.0,127.3
FRYDERYK CHOPIN,-,-,,4.0 m,At anchor,3 min ago,9030747 / 261000290,SPS2298,Sailing vessel,Poland,44 / 8 m,9030747,FRYDERYK CHOPIN,Yacht,Unknown,1992,44.00,,8.00,,-,306,-,-,-,-,-,-,-,-,-,,,,,-,,,-,,,-,-,-,-,-,-,-,-,-,-,2026-03-14 06:09:17.014553,13,-61,0.0,42.6
FRYDERYK CHOPIN,-,-,,4.0 m,At anchor,0 min ago,9030747 / 261000290,SPS2298,Sailing vessel,Poland,44 / 8 m,9030747,FRYDERYK CHOPIN,Yacht,Unknown,1992,44.00,,8.00,,-,306,-,-,-,-,-,-,-,-,-,,,,,-,,,-,,,-,-,-,-,-,-,-,-,-,-,2026-03-14 07:06:36.915555,13,-61,0.0,129.1
FRYDERYK CHOPIN,-,-,,4.0 m,At anchor,1 min ago,9030747 / 261000290,SPS2298,Sailing vessel,Poland,44 / 8 m,9030747,FRYDERYK CHOPIN,Yacht,Unknown,1992,44.00,,8.00,,-,306,-,-,-,-,-,-,-,-,-,,,,,-,,,-,,,-,-,-,-,-,-,-,-,-,-,2026-03-14 07:48:58.996402,13,-61,0.1,31.1
FRYDERYK CHOPIN,-,-,,4.0 m,At anchor,1 min ago,9030747 / 261000290,SPS2298,Sailing vessel,Poland,44 / 8 m,9030747,FRYDERYK CHOPIN,Yacht,Unknown,1992,44.00,,8.00,,-,306,-,-,-,-,-,-,-,-,-,,,,,-,,,-,,,-,-,-,-,-,-,-,-,-,-,2026-03-14 08:19:03.125733,13,-61,0.2,325.9
FRYDERYK CHOPIN,-,-,,4.0 m,At anchor,2 min ago,9030747 / 261000290,SPS2298,Sailing vessel,Poland,44 / 8 m,9030747,FRYDERYK CHOPIN,Yacht,Unknown,1992,44.00,,8.00,,-,306,-,-,-,-,-,-,-,-,-,,,,,-,,,-,,,-,-,-,-,-,-,-,-,-,-,2026-03-14 08:55:46.786873,13,-61,0.1,303.7
FRYDERYK CHOPIN,-,-,,4.0 m,At anchor,3 min ago,9030747 / 261000290,SPS2298,Sailing vessel,Poland,44 / 8 m,9030747,FRYDERYK CHOPIN,Yacht,Unknown,1992,44.00,,8.00,,-,306,-,-,-,-,-,-,-,-,-,,,,,-,,,-,,,-,-,-,-,-,-,-,-,-,-,2026-03-14 09:33:26.154915,13,-61,0.0,165.4
FRYDERYK CHOPIN,-,-,,4.0 m,At anchor,2 min ago,9030747 / 261000290,SPS2298,Sailing vessel,Poland,44 / 8 m,9030747,FRYDERYK CHOPIN,Yacht,Unknown,1992,44.00,,8.00,,-,306,-,-,-,-,-,-,-,-,-,,,,,-,,,-,,,-,-,-,-,-,-,-,-,-,-,2026-03-14 09:59:04.406426,13,-61,0.1,323.5
FRYDERYK CHOPIN,-,-,,4.0 m,At anchor,3 min ago,9030747 / 261000290,SPS2298,Sailing vessel,Poland,44 / 8 m,9030747,FRYDERYK CHOPIN,Yacht,Unknown,1992,44.00,,8.00,,-,306,-,-,-,-,-,-,-,-,-,,,,,-,,,-,,,-,-,-,-,-,-,-,-,-,-,2026-03-14 10:38:51.618442,13,-61,0.1,176.0
FRYDERYK CHOPIN,-,-,,4.0 m,At anchor,1 min ago,9030747 / 261000290,SPS2298,Sailing vessel,Poland,44 / 8 m,9030747,FRYDERYK CHOPIN,Yacht,Unknown,1992,44.00,,8.00,,-,306,-,-,-,-,-,-,-,-,-,,,,,-,,,-,,,-,-,-,-,-,-,-,-,-,-,2026-03-14 11:01:05.427922,13,-61,0.1,216.5
FRYDERYK CHOPIN,-,-,,4.0 m,At anchor,1 min ago,9030747 / 261000290,SPS2298,Sailing vessel,Poland,44 / 8 m,9030747,FRYDERYK CHOPIN,Yacht,Unknown,1992,44.00,,8.00,,-,306,-,-,-,-,-,-,-,-,-,,,,,-,,,-,,,-,-,-,-,-,-,-,-,-,-,2026-03-14 11:34:14.905268,13,-61,0.1,8.2
FRYDERYK CHOPIN,-,-,,4.0 m,At anchor,3 min ago,9030747 / 261000290,SPS2298,Sailing vessel,Poland,44 / 8 m,9030747,FRYDERYK CHOPIN,Yacht,Unknown,1992,44.00,,8.00,,-,306,-,-,-,-,-,-,-,-,-,,,,,-,,,-,,,-,-,-,-,-,-,-,-,-,-,2026-03-14 11:54:10.142159,13,-61,0.2,139.0
FRYDERYK CHOPIN,-,-,,4.0 m,At anchor,1 min ago,9030747 / 261000290,SPS2298,Sailing vessel,Poland,44 / 8 m,9030747,FRYDERYK CHOPIN,Yacht,Unknown,1992,44.00,,8.00,,-,306,-,-,-,-,-,-,-,-,-,,,,,-,,,-,,,-,-,-,-,-,-,-,-,-,-,2026-03-14 12:40:29.574003,13,-61,0.1,51.9
FRYDERYK CHOPIN,-,-,,4.0 m,Under way,0 min ago,9030747 / 261000290,SPS2298,Sailing vessel,Poland,44 / 8 m,9030747,FRYDERYK CHOPIN,Yacht,Unknown,1992,44.00,,8.00,,-,306,-,-,-,-,-,-,-,-,-,,,,,-,,,-,,,-,-,-,-,-,-,-,-,-,-,2026-03-14 13:34:38.420649,13,-61,8.5,118.8
FRYDERYK CHOPIN,-,-,,4.0 m,At anchor,2 min ago,9030747 / 261000290,SPS2298,Sailing vessel,Poland,44 / 8 m,9030747,FRYDERYK CHOPIN,Yacht,Unknown,1992,44.00,,8.00,,-,306,-,-,-,-,-,-,-,-,-,,,,,-,,,-,,,-,-,-,-,-,-,-,-,-,-,2026-03-14 14:04:21.999868,13,-61,0.1,63.1
FRYDERYK CHOPIN,-,-,,4.0 m,At anchor,1 min ago,9030747 / 261000290,SPS2298,Sailing vessel,Poland,44 / 8 m,9030747,FRYDERYK CHOPIN,Yacht,Unknown,1992,44.00,,8.00,,-,306,-,-,-,-,-,-,-,-,-,,,,,-,,,-,,,-,-,-,-,-,-,-,-,-,-,2026-03-14 14:44:43.882141,13,-61,0.1,19.7
FRYDERYK CHOPIN,-,-,,4.0 m,At anchor,2 min ago,9030747 / 261000290,SPS2298,Sailing vessel,Poland,44 / 8 m,9030747,FRYDERYK CHOPIN,Yacht,Unknown,1992,44.00,,8.00,,-,306,-,-,-,-,-,-,-,-,-,,,,,-,,,-,,,-,-,-,-,-,-,-,-,-,-,2026-03-14 15:03:44.587168,13,-61,0.1,188.5
FRYDERYK CHOPIN,-,-,,4.0 m,At anchor,1 min ago,9030747 / 261000290,SPS2298,Sailing vessel,Poland,44 / 8 m,9030747,FRYDERYK CHOPIN,Yacht,Unknown,1992,44.00,,8.00,,-,306,-,-,-,-,-,-,-,-,-,,,,,-,,,-,,,-,-,-,-,-,-,-,-,-,-,2026-03-14 15:39:07.612205,13,-61,0.1,106.6
FRYDERYK CHOPIN,-,-,,4.0 m,At anchor,2 min ago,9030747 / 261000290,SPS2298,Sailing vessel,Poland,44 / 8 m,9030747,FRYDERYK CHOPIN,Yacht,Unknown,1992,44.00,,8.00,,-,306,-,-,-,-,-,-,-,-,-,,,,,-,,,-,,,-,-,-,-,-,-,-,-,-,-,2026-03-14 15:57:51.210998,13,-61,0.0,124.4
FRYDERYK CHOPIN,-,-,,4.0 m,At anchor,1 min ago,9030747 / 261000290,SPS2298,Sailing vessel,Poland,44 / 8 m,9030747,FRYDERYK CHOPIN,Yacht,Unknown,1992,44.00,,8.00,,-,306,-,-,-,-,-,-,-,-,-,,,,,-,,,-,,,-,-,-,-,-,-,-,-,-,-,2026-03-14 16:38:57.208838,13,-61,0.2,165.6
FRYDERYK CHOPIN,-,-,,4.0 m,At anchor,1 min ago,9030747 / 261000290,SPS2298,Sailing vessel,Poland,44 / 8 m,9030747,FRYDERYK CHOPIN,Yacht,Unknown,1992,44.00,,8.00,,-,306,-,-,-,-,-,-,-,-,-,,,,,-,,,-,,,-,-,-,-,-,-,-,-,-,-,2026-03-14 17:03:10.409455,13,-61,0.1,121.1
FRYDERYK CHOPIN,-,-,,4.0 m,At anchor,1 min ago,9030747 / 261000290,SPS2298,Sailing vessel,Poland,44 / 8 m,9030747,FRYDERYK CHOPIN,Yacht,Unknown,1992,44.00,,8.00,,-,306,-,-,-,-,-,-,-,-,-,,,,,-,,,-,,,-,-,-,-,-,-,-,-,-,-,2026-03-14 17:38:53.099041,13,-61,0.1,179.9
FRYDERYK CHOPIN,-,-,,4.0 m,At anchor,3 min ago,9030747 / 261000290,SPS2298,Sailing vessel,Poland,44 / 8 m,9030747,FRYDERYK CHOPIN,Yacht,Unknown,1992,44.00,,8.00,,-,306,-,-,-,-,-,-,-,-,-,,,,,-,,,-,,,-,-,-,-,-,-,-,-,-,-,2026-03-14 17:59:04.134923,13,-61,0.1,180.6
FRYDERYK CHOPIN,-,-,,4.0 m,At anchor,0 min ago,9030747 / 261000290,SPS2298,Sailing vessel,Poland,44 / 8 m,9030747,FRYDERYK CHOPIN,Yacht,Unknown,1992,44.00,,8.00,,-,306,-,-,-,-,-,-,-,-,-,,,,,-,,,-,,,-,-,-,-,-,-,-,-,-,-,2026-03-14 18:53:12.148685,13,-61,0.1,96.4
FRYDERYK CHOPIN,-,-,,4.0 m,At anchor,2 min ago,9030747 / 261000290,SPS2298,Sailing vessel,Poland,44 / 8 m,9030747,FRYDERYK CHOPIN,Yacht,Unknown,1992,44.00,,8.00,,-,306,-,-,-,-,-,-,-,-,-,,,,,-,,,-,,,-,-,-,-,-,-,-,-,-,-,2026-03-14 19:22:09.954910,13,-61,0.1,138.0
FRYDERYK CHOPIN,-,-,,4.0 m,At anchor,2 min ago,9030747 / 261000290,SPS2298,Sailing vessel,Poland,44 / 8 m,9030747,FRYDERYK CHOPIN,Yacht,Unknown,1992,44.00,,8.00,,-,306,-,-,-,-,-,-,-,-,-,,,,,-,,,-,,,-,-,-,-,-,-,-,-,-,-,2026-03-14 19:46:08.068464,13,-61,0.1,0.9
FRYDERYK CHOPIN,-,-,,4.0 m,At anchor,2 min ago,9030747 / 261000290,SPS2298,Sailing vessel,Poland,44 / 8 m,9030747,FRYDERYK CHOPIN,Yacht,Unknown,1992,44.00,,8.00,,-,306,-,-,-,-,-,-,-,-,-,,,,,-,,,-,,,-,-,-,-,-,-,-,-,-,-,2026-03-14 20:00:49.754978,13,-61,0.2,317.2
FRYDERYK CHOPIN,-,-,,4.0 m,At anchor,3 min ago,9030747 / 261000290,SPS2298,Sailing vessel,Poland,44 / 8 m,9030747,FRYDERYK CHOPIN,Yacht,Unknown,1992,44.00,,8.00,,-,306,-,-,-,-,-,-,-,-,-,,,,,-,,,-,,,-,-,-,-,-,-,-,-,-,-,2026-03-14 20:40:28.578391,13,-61,0.1,169.1
FRYDERYK CHOPIN,-,-,,4.0 m,At anchor,5 min ago,9030747 / 261000290,SPS2298,Sailing vessel,Poland,44 / 8 m,9030747,FRYDERYK CHOPIN,Yacht,Unknown,1992,44.00,,8.00,,-,306,-,-,-,-,-,-,-,-,-,,,,,-,,,-,,,-,-,-,-,-,-,-,-,-,-,2026-03-14 21:00:33.943963,13,-61,0.1,312.2
FRYDERYK CHOPIN,-,-,,4.0 m,At anchor,1 min ago,9030747 / 261000290,SPS2298,Sailing vessel,Poland,44 / 8 m,9030747,FRYDERYK CHOPIN,Yacht,Unknown,1992,44.00,,8.00,,-,306,-,-,-,-,-,-,-,-,-,,,,,-,,,-,,,-,-,-,-,-,-,-,-,-,-,2026-03-14 21:35:50.119589,13,-61,0.2,128.7
FRYDERYK CHOPIN,-,-,,4.0 m,At anchor,3 min ago,9030747 / 261000290,SPS2298,Sailing vessel,Poland,44 / 8 m,9030747,FRYDERYK CHOPIN,Yacht,Unknown,1992,44.00,,8.00,,-,306,-,-,-,-,-,-,-,-,-,,,,,-,,,-,,,-,-,-,-,-,-,-,-,-,-,2026-03-14 21:55:43.911256,13,-61,0.1,331.9
FRYDERYK CHOPIN,-,-,,4.0 m,At anchor,0 min ago,9030747 / 261000290,SPS2298,Sailing vessel,Poland,44 / 8 m,9030747,FRYDERYK CHOPIN,Yacht,Unknown,1992,44.00,,8.00,,-,306,-,-,-,-,-,-,-,-,-,,,,,-,,,-,,,-,-,-,-,-,-,-,-,-,-,2026-03-14 22:26:22.416330,13,-61,0.1,172.0
FRYDERYK CHOPIN,-,-,,4.0 m,At anchor,1 min ago,9030747 / 261000290,SPS2298,Sailing vessel,Poland,44 / 8 m,9030747,FRYDERYK CHOPIN,Yacht,Unknown,1992,44.00,,8.00,,-,306,-,-,-,-,-,-,-,-,-,,,,,-,,,-,,,-,-,-,-,-,-,-,-,-,-,2026-03-14 22:53:59.167243,13,-61,0.1,212.6
FRYDERYK CHOPIN,-,-,,4.0 m,At anchor,0 min ago,9030747 / 261000290,SPS2298,Sailing vessel,Poland,44 / 8 m,9030747,FRYDERYK CHOPIN,Yacht,Unknown,1992,44.00,,8.00,,-,306,-,-,-,-,-,-,-,-,-,,,,,-,,,-,,,-,-,-,-,-,-,-,-,-,-,2026-03-14 23:23:20.013482,13,-61,0.1,294.0
FRYDERYK CHOPIN,-,-,,4.0 m,At anchor,2 min ago,9030747 / 261000290,SPS2298,Sailing vessel,Poland,44 / 8 m,9030747,FRYDERYK CHOPIN,Yacht,Unknown,1992,44.00,,8.00,,-,306,-,-,-,-,-,-,-,-,-,,,,,-,,,-,,,-,-,-,-,-,-,-,-,-,-,2026-03-14 23:49:21.761800,13,-61,0.1,104.8
FRYDERYK CHOPIN,-,-,,4.0 m,At anchor,3 min ago,9030747 / 261000290,SPS2298,Sailing vessel,Poland,44 / 8 m,9030747,FRYDERYK CHOPIN,Yacht,Unknown,1992,44.00,,8.00,,-,306,-,-,-,-,-,-,-,-,-,,,,,-,,,-,,,-,-,-,-,-,-,-,-,-,-,2026-03-15 01:04:36.523016,13,-61,0.1,72.9
FRYDERYK CHOPIN,-,-,,4.0 m,At anchor,1 min ago,9030747 / 261000290,SPS2298,Sailing vessel,Poland,44 / 8 m,9030747,FRYDERYK CHOPIN,Yacht,Unknown,1992,44.00,,8.00,,-,306,-,-,-,-,-,-,-,-,-,,,,,-,,,-,,,-,-,-,-,-,-,-,-,-,-,2026-03-15 04:06:12.143281,13,-61,0.1,158.5
FRYDERYK CHOPIN,-,-,,4.0 m,Under way,0 min ago,9030747 / 261000290,SPS2298,Sailing vessel,Poland,44 / 8 m,9030747,FRYDERYK CHOPIN,Yacht,Unknown,1992,44.00,,8.00,,-,306,-,-,-,-,-,-,-,-,-,,,,,-,,,-,,,-,-,-,-,-,-,-,-,-,-,2026-03-15 05:42:50.526405,13,-61,6.8,13.6
FRYDERYK CHOPIN,-,-,,4.0 m,Under way,0 min ago,9030747 / 261000290,SPS2298,Sailing vessel,Poland,44 / 8 m,9030747,FRYDERYK CHOPIN,Yacht,Unknown,1992,44.00,,8.00,,-,306,-,-,-,-,-,-,-,-,-,,,,,-,,,-,,,-,-,-,-,-,-,-,-,-,-,2026-03-15 06:39:45.275235,13,-61,7.0,11.0
FRYDERYK CHOPIN,-,-,,4.0 m,Under way,0 min ago,9030747 / 261000290,SPS2298,Sailing vessel,Poland,44 / 8 m,9030747,FRYDERYK CHOPIN,Yacht,Unknown,1992,44.00,,8.00,,-,306,-,-,-,-,-,-,-,-,-,,,,,-,,,-,,,-,-,-,-,-,-,-,-,-,-,2026-03-15 07:33:40.776211,13,-61,6.9,11.0
FRYDERYK CHOPIN,-,-,,4.0 m,Under way,0 min ago,9030747 / 261000290,SPS2298,Sailing vessel,Poland,44 / 8 m,9030747,FRYDERYK CHOPIN,Yacht,Unknown,1992,44.00,,8.00,,-,306,-,-,-,-,-,-,-,-,-,,,,,-,,,-,,,-,-,-,-,-,-,-,-,-,-,2026-03-15 08:03:08.387973,13,-61,6.0,9.0
FRYDERYK CHOPIN,-,-,,4.0 m,Under way,0 min ago,9030747 / 261000290,SPS2298,Sailing vessel,Poland,44 / 8 m,9030747,FRYDERYK CHOPIN,Yacht,Unknown,1992,44.00,,8.00,,-,306,-,-,-,-,-,-,-,-,-,,,,,-,,,-,,,-,-,-,-,-,-,-,-,-,-,2026-03-15 08:52:16.904649,13,-61,3.6,4.3
FRYDERYK CHOPIN,-,-,,4.0 m,Under way,0 min ago,9030747 / 261000290,SPS2298,Sailing vessel,Poland,44 / 8 m,9030747,FRYDERYK CHOPIN,Yacht,Unknown,1992,44.00,,8.00,,-,306,-,-,-,-,-,-,-,-,-,,,,,-,,,-,,,-,-,-,-,-,-,-,-,-,-,2026-03-15 09:24:56.352877,13,-61,4.5,9.0
FRYDERYK CHOPIN,-,-,,4.0 m,Under way,0 min ago,9030747 / 261000290,SPS2298,Sailing vessel,Poland,44 / 8 m,9030747,FRYDERYK CHOPIN,Yacht,Unknown,1992,44.00,,8.00,,-,306,-,-,-,-,-,-,-,-,-,,,,,-,,,-,,,-,-,-,-,-,-,-,-,-,-,2026-03-15 09:56:58.735868,13,-61,4.3,14.8
FRYDERYK CHOPIN,-,-,,4.0 m,Under way,26 min ago,9030747 / 261000290,SPS2298,Sailing vessel,Poland,44 / 8 m,9030747,FRYDERYK CHOPIN,Yacht,Unknown,1992,44.00,,8.00,,-,306,-,-,-,-,-,-,-,-,-,,,,,-,,,-,,,-,-,-,-,-,-,-,-,-,-,2026-03-15 10:34:35.433799,13,-61,4.7,50.5
FRYDERYK CHOPIN,-,-,,4.0 m,Under way,53 min ago,9030747 / 261000290,SPS2298,Sailing vessel,Poland,44 / 8 m,9030747,FRYDERYK CHOPIN,Yacht,Unknown,1992,44.00,,8.00,,-,306,-,-,-,-,-,-,-,-,-,,,,,-,,,-,,,-,-,-,-,-,-,-,-,-,-,2026-03-15 11:01:16.699489,13,-61,4.7,50.5
FRYDERYK CHOPIN,-,-,,4.0 m,At anchor,2 min ago,9030747 / 261000290,SPS2298,Sailing vessel,Poland,44 / 8 m,9030747,FRYDERYK CHOPIN,Yacht,Unknown,1992,44.00,,8.00,,-,306,-,-,-,-,-,-,-,-,-,,,,,-,,,-,,,-,-,-,-,-,-,-,-,-,-,2026-03-15 11:35:49.476669,13,-61,0.0,15.0
